review_id,relative_path,source_condition,boxes_count,face_region_plausibility,obvious_artefact,scene_consistency,identity_suppression_appearance,apparent_visual_consistency,background_preservation,text_screen_unintended_distortion,severe_failure,acceptable_for_thesis_figure_demo,oapr_eligible,review_note
1,day3/members/stevan/20_0682.webp,manifest_fill,5,low_to_medium,possible_partial_or_profile_artifact,preserved_outside_face,partial_or_condition_dependent,uncertain,good,not_observed_from_sheet,possible,not_preferred,conditional_only_with_quality_gate,"Output is not universally bad, but profile/partial/blur/box conditions make visual quality uncertain."
2,day1/members/luca/12_0078.webp,manifest_fill,0,not_applicable_no_face_or_no_box,none_for_face_region,preserved,not_applicable_no_face_or_no_box,not_applicable,good,not_observed_from_sheet,no,no_face_context_only,copy_or_other_multimodal_only,No face box in comparable manifest; output appears scene-preserving/copy-through under face-method contract.
3,day3/members/tien/14_0649.webp,manifest_fill,7,low,mask_patch_or_synthetic_region,mostly_preserved_outside_face,strong_but_visibly_artificial_or_incomplete,poor_or_not_assessable,good_outside_edit,not_observed_from_sheet,yes,failure_example_only,no_except_failure_avoidance_negative_evidence,"Edited face region looks mask-like, patch-like, misplaced, or visually inconsistent for egocentric use."
4,day2/members/bjorn/16_0250.webp,manifest_fill,0,not_applicable_no_face_or_no_box,none_for_face_region,preserved,not_applicable_no_face_or_no_box,not_applicable,good,not_observed_from_sheet,no,no_face_context_only,copy_or_other_multimodal_only,No face box in comparable manifest; output appears scene-preserving/copy-through under face-method contract.
5,day1/members/stevan/10_0179.webp,manifest_fill,4,low_to_medium,possible_partial_or_profile_artifact,preserved_outside_face,partial_or_condition_dependent,uncertain,good,not_observed_from_sheet,possible,not_preferred,conditional_only_with_quality_gate,"Output is not universally bad, but profile/partial/blur/box conditions make visual quality uncertain."
6,day3/members/werner/08_0619.webp,manifest_fill,2,low,mask_patch_or_synthetic_region,mostly_preserved_outside_face,strong_but_visibly_artificial_or_incomplete,poor_or_not_assessable,good_outside_edit,not_observed_from_sheet,yes,failure_example_only,no_except_failure_avoidance_negative_evidence,"Edited face region looks mask-like, patch-like, misplaced, or visually inconsistent for egocentric use."
7,day3/members/tien/10_0512.webp,manifest_fill,0,not_applicable_no_face_or_no_box,none_for_face_region,preserved,not_applicable_no_face_or_no_box,not_applicable,good,not_observed_from_sheet,no,no_face_context_only,copy_or_other_multimodal_only,No face box in comparable manifest; output appears scene-preserving/copy-through under face-method contract.
8,day1/members/werner/14_0048.webp,manifest_fill,0,not_applicable_no_face_or_no_box,none_for_face_region,preserved,not_applicable_no_face_or_no_box,not_applicable,good,not_observed_from_sheet,no,no_face_context_only,copy_or_other_multimodal_only,No face box in comparable manifest; output appears scene-preserving/copy-through under face-method contract.
9,day1/members/klaus/17_0206.webp,manifest_fill,2,low_to_medium,possible_partial_or_profile_artifact,preserved_outside_face,partial_or_condition_dependent,uncertain,good,not_observed_from_sheet,possible,not_preferred,conditional_only_with_quality_gate,"Output is not universally bad, but profile/partial/blur/box conditions make visual quality uncertain."
10,day4/members/florian/11_0412.webp,manifest_fill,3,low,mask_patch_or_synthetic_region,mostly_preserved_outside_face,strong_but_visibly_artificial_or_incomplete,poor_or_not_assessable,good_outside_edit,not_observed_from_sheet,yes,failure_example_only,no_except_failure_avoidance_negative_evidence,"Edited face region looks mask-like, patch-like, misplaced, or visually inconsistent for egocentric use."
11,day1/members/allie/18_0412.webp,manifest_fill,3,low,mask_patch_or_synthetic_region,mostly_preserved_outside_face,strong_but_visibly_artificial_or_incomplete,poor_or_not_assessable,good_outside_edit,not_observed_from_sheet,yes,failure_example_only,no_except_failure_avoidance_negative_evidence,"Edited face region looks mask-like, patch-like, misplaced, or visually inconsistent for egocentric use."
12,day2/members/klaus/18_0601.webp,manifest_fill,2,low_to_medium,possible_partial_or_profile_artifact,preserved_outside_face,partial_or_condition_dependent,uncertain,good,not_observed_from_sheet,possible,not_preferred,conditional_only_with_quality_gate,"Output is not universally bad, but profile/partial/blur/box conditions make visual quality uncertain."
13,day4/members/allie/12_0604.webp,manifest_fill,3,low,mask_patch_or_synthetic_region,mostly_preserved_outside_face,strong_but_visibly_artificial_or_incomplete,poor_or_not_assessable,good_outside_edit,not_observed_from_sheet,yes,failure_example_only,no_except_failure_avoidance_negative_evidence,"Edited face region looks mask-like, patch-like, misplaced, or visually inconsistent for egocentric use."
14,day1/members/onanong/08_0572.webp,manifest_fill,2,low,mask_patch_or_synthetic_region,mostly_preserved_outside_face,strong_but_visibly_artificial_or_incomplete,poor_or_not_assessable,good_outside_edit,not_observed_from_sheet,yes,failure_example_only,no_except_failure_avoidance_negative_evidence,"Edited face region looks mask-like, patch-like, misplaced, or visually inconsistent for egocentric use."
15,day3/members/stevan/09_0286.webp,manifest_fill,2,low,mask_patch_or_synthetic_region,mostly_preserved_outside_face,strong_but_visibly_artificial_or_incomplete,poor_or_not_assessable,good_outside_edit,not_observed_from_sheet,yes,failure_example_only,no_except_failure_avoidance_negative_evidence,"Edited face region looks mask-like, patch-like, misplaced, or visually inconsistent for egocentric use."
16,day3/members/tien/20_0434.webp,manifest_fill,3,low,mask_patch_or_synthetic_region,mostly_preserved_outside_face,strong_but_visibly_artificial_or_incomplete,poor_or_not_assessable,good_outside_edit,not_observed_from_sheet,yes,failure_example_only,no_except_failure_avoidance_negative_evidence,"Edited face region looks mask-like, patch-like, misplaced, or visually inconsistent for egocentric use."
17,day4/members/werner/18_0362.webp,manifest_fill,0,not_applicable_no_face_or_no_box,none_for_face_region,preserved,not_applicable_no_face_or_no_box,not_applicable,good,not_observed_from_sheet,no,no_face_context_only,copy_or_other_multimodal_only,No face box in comparable manifest; output appears scene-preserving/copy-through under face-method contract.
18,day1/members/cathal/12_0342.webp,manifest_fill,4,medium,low_or_not_obvious_from_sheet,preserved,moderate_to_strong,bounded_but_acceptable_from_sheet,good,not_observed_from_sheet,no,possible_bounded_example,conditional_clear_frontal_or_large_face_only,"One of the more visually acceptable cases, but still not evidence of production-grade demographic or scene realism."
19,day3/members/florian/19_0198.webp,manifest_fill,1,low_to_medium,possible_partial_or_profile_artifact,preserved_outside_face,partial_or_condition_dependent,uncertain,good,not_observed_from_sheet,possible,not_preferred,conditional_only_with_quality_gate,"Output is not universally bad, but profile/partial/blur/box conditions make visual quality uncertain."
20,day4/members/allie/18_0334.webp,manifest_fill,1,low_to_medium,possible_partial_or_profile_artifact,preserved_outside_face,partial_or_condition_dependent,uncertain,good,not_observed_from_sheet,possible,not_preferred,conditional_only_with_quality_gate,"Output is not universally bad, but profile/partial/blur/box conditions make visual quality uncertain."
21,day4/members/werner/09_0017.webp,manifest_fill,0,not_applicable_no_face_or_no_box,none_for_face_region,preserved,not_applicable_no_face_or_no_box,not_applicable,good,not_observed_from_sheet,no,no_face_context_only,copy_or_other_multimodal_only,No face box in comparable manifest; output appears scene-preserving/copy-through under face-method contract.
22,day4/members/werner/12_0528.webp,manifest_fill,3,low,mask_patch_or_synthetic_region,mostly_preserved_outside_face,strong_but_visibly_artificial_or_incomplete,poor_or_not_assessable,good_outside_edit,not_observed_from_sheet,yes,failure_example_only,no_except_failure_avoidance_negative_evidence,"Edited face region looks mask-like, patch-like, misplaced, or visually inconsistent for egocentric use."
23,day3/members/bjorn/20_0140.webp,manifest_fill,5,low_to_medium,possible_partial_or_profile_artifact,preserved_outside_face,partial_or_condition_dependent,uncertain,good,not_observed_from_sheet,possible,not_preferred,conditional_only_with_quality_gate,"Output is not universally bad, but profile/partial/blur/box conditions make visual quality uncertain."
24,day3/members/onanong/15_0413.webp,manifest_fill,2,low,mask_patch_or_synthetic_region,mostly_preserved_outside_face,strong_but_visibly_artificial_or_incomplete,poor_or_not_assessable,good_outside_edit,not_observed_from_sheet,yes,failure_example_only,no_except_failure_avoidance_negative_evidence,"Edited face region looks mask-like, patch-like, misplaced, or visually inconsistent for egocentric use."
25,day1/members/luca/13_0044.webp,manifest_fill,1,low,mask_patch_or_synthetic_region,mostly_preserved_outside_face,strong_but_visibly_artificial_or_incomplete,poor_or_not_assessable,good_outside_edit,not_observed_from_sheet,yes,failure_example_only,no_except_failure_avoidance_negative_evidence,"Edited face region looks mask-like, patch-like, misplaced, or visually inconsistent for egocentric use."
26,day4/members/luca/11_0578.webp,manifest_fill,6,low,mask_patch_or_synthetic_region,mostly_preserved_outside_face,strong_but_visibly_artificial_or_incomplete,poor_or_not_assessable,good_outside_edit,not_observed_from_sheet,yes,failure_example_only,no_except_failure_avoidance_negative_evidence,"Edited face region looks mask-like, patch-like, misplaced, or visually inconsistent for egocentric use."
27,day4/members/werner/18_0672.webp,manifest_fill,3,low_to_medium,possible_partial_or_profile_artifact,preserved_outside_face,partial_or_condition_dependent,uncertain,good,not_observed_from_sheet,possible,not_preferred,conditional_only_with_quality_gate,"Output is not universally bad, but profile/partial/blur/box conditions make visual quality uncertain."
28,day2/members/luca/11_0416.webp,manifest_fill,5,low,mask_patch_or_synthetic_region,mostly_preserved_outside_face,strong_but_visibly_artificial_or_incomplete,poor_or_not_assessable,good_outside_edit,not_observed_from_sheet,yes,failure_example_only,no_except_failure_avoidance_negative_evidence,"Edited face region looks mask-like, patch-like, misplaced, or visually inconsistent for egocentric use."
29,day1/members/stevan/08_0631.webp,manifest_fill,0,not_applicable_no_face_or_no_box,none_for_face_region,preserved,not_applicable_no_face_or_no_box,not_applicable,good,not_observed_from_sheet,no,no_face_context_only,copy_or_other_multimodal_only,No face box in comparable manifest; output appears scene-preserving/copy-through under face-method contract.
30,day3/members/luca/17_0412.webp,manifest_fill,4,low,mask_patch_or_synthetic_region,mostly_preserved_outside_face,strong_but_visibly_artificial_or_incomplete,poor_or_not_assessable,good_outside_edit,not_observed_from_sheet,yes,failure_example_only,no_except_failure_avoidance_negative_evidence,"Edited face region looks mask-like, patch-like, misplaced, or visually inconsistent for egocentric use."
31,day4/members/onanong/13_0378.webp,manifest_fill,6,low_to_medium,possible_partial_or_profile_artifact,preserved_outside_face,partial_or_condition_dependent,uncertain,good,not_observed_from_sheet,possible,not_preferred,conditional_only_with_quality_gate,"Output is not universally bad, but profile/partial/blur/box conditions make visual quality uncertain."
32,day3/members/luca/11_0126.webp,manifest_fill,3,low,mask_patch_or_synthetic_region,mostly_preserved_outside_face,strong_but_visibly_artificial_or_incomplete,poor_or_not_assessable,good_outside_edit,not_observed_from_sheet,yes,failure_example_only,no_except_failure_avoidance_negative_evidence,"Edited face region looks mask-like, patch-like, misplaced, or visually inconsistent for egocentric use."
33,day4/members/cathal/13_0074.webp,manifest_fill,7,low_to_medium,possible_partial_or_profile_artifact,preserved_outside_face,partial_or_condition_dependent,uncertain,good,not_observed_from_sheet,possible,not_preferred,conditional_only_with_quality_gate,"Output is not universally bad, but profile/partial/blur/box conditions make visual quality uncertain."
34,day2/members/cathal/19_0687.webp,manifest_fill,3,low,mask_patch_or_synthetic_region,mostly_preserved_outside_face,strong_but_visibly_artificial_or_incomplete,poor_or_not_assessable,good_outside_edit,not_observed_from_sheet,yes,failure_example_only,no_except_failure_avoidance_negative_evidence,"Edited face region looks mask-like, patch-like, misplaced, or visually inconsistent for egocentric use."
35,day1/members/allie/09_0273.webp,manifest_fill,6,low_to_medium,possible_partial_or_profile_artifact,preserved_outside_face,partial_or_condition_dependent,uncertain,good,not_observed_from_sheet,possible,not_preferred,conditional_only_with_quality_gate,"Output is not universally bad, but profile/partial/blur/box conditions make visual quality uncertain."
36,day3/members/luca/13_0698.webp,manifest_fill,1,low,mask_patch_or_synthetic_region,mostly_preserved_outside_face,strong_but_visibly_artificial_or_incomplete,poor_or_not_assessable,good_outside_edit,not_observed_from_sheet,yes,failure_example_only,no_except_failure_avoidance_negative_evidence,"Edited face region looks mask-like, patch-like, misplaced, or visually inconsistent for egocentric use."
37,day4/members/allie/09_0480.webp,manifest_fill,1,low,mask_patch_or_synthetic_region,mostly_preserved_outside_face,strong_but_visibly_artificial_or_incomplete,poor_or_not_assessable,good_outside_edit,not_observed_from_sheet,yes,failure_example_only,no_except_failure_avoidance_negative_evidence,"Edited face region looks mask-like, patch-like, misplaced, or visually inconsistent for egocentric use."
38,day1/members/luca/18_0040.webp,manifest_fill,1,low,mask_patch_or_synthetic_region,mostly_preserved_outside_face,strong_but_visibly_artificial_or_incomplete,poor_or_not_assessable,good_outside_edit,not_observed_from_sheet,yes,failure_example_only,no_except_failure_avoidance_negative_evidence,"Edited face region looks mask-like, patch-like, misplaced, or visually inconsistent for egocentric use."
39,day2/members/luca/10_0654.webp,manifest_fill,4,low_to_medium,possible_partial_or_profile_artifact,preserved_outside_face,partial_or_condition_dependent,uncertain,good,not_observed_from_sheet,possible,not_preferred,conditional_only_with_quality_gate,"Output is not universally bad, but profile/partial/blur/box conditions make visual quality uncertain."
40,day1/members/klaus/10_0063.webp,manifest_fill,1,medium,low_or_not_obvious_from_sheet,preserved,moderate_to_strong,bounded_but_acceptable_from_sheet,good,not_observed_from_sheet,no,possible_bounded_example,conditional_clear_frontal_or_large_face_only,"One of the more visually acceptable cases, but still not evidence of production-grade demographic or scene realism."
41,day3/members/tien/20_0155.webp,manifest_fill,3,low,mask_patch_or_synthetic_region,mostly_preserved_outside_face,strong_but_visibly_artificial_or_incomplete,poor_or_not_assessable,good_outside_edit,not_observed_from_sheet,yes,failure_example_only,no_except_failure_avoidance_negative_evidence,"Edited face region looks mask-like, patch-like, misplaced, or visually inconsistent for egocentric use."
42,day1/members/onanong/08_0611.webp,manifest_fill,1,low,mask_patch_or_synthetic_region,mostly_preserved_outside_face,strong_but_visibly_artificial_or_incomplete,poor_or_not_assessable,good_outside_edit,not_observed_from_sheet,yes,failure_example_only,no_except_failure_avoidance_negative_evidence,"Edited face region looks mask-like, patch-like, misplaced, or visually inconsistent for egocentric use."
43,day4/members/stevan/13_0714.webp,manifest_fill,4,low,mask_patch_or_synthetic_region,mostly_preserved_outside_face,strong_but_visibly_artificial_or_incomplete,poor_or_not_assessable,good_outside_edit,not_observed_from_sheet,yes,failure_example_only,no_except_failure_avoidance_negative_evidence,"Edited face region looks mask-like, patch-like, misplaced, or visually inconsistent for egocentric use."
44,day2/members/florian/12_0020.webp,manifest_fill,0,not_applicable_no_face_or_no_box,none_for_face_region,preserved,not_applicable_no_face_or_no_box,not_applicable,good,not_observed_from_sheet,no,no_face_context_only,copy_or_other_multimodal_only,No face box in comparable manifest; output appears scene-preserving/copy-through under face-method contract.
45,day1/members/cathal/09_0001.webp,manifest_fill,5,low,mask_patch_or_synthetic_region,mostly_preserved_outside_face,strong_but_visibly_artificial_or_incomplete,poor_or_not_assessable,good_outside_edit,not_observed_from_sheet,yes,failure_example_only,no_except_failure_avoidance_negative_evidence,"Edited face region looks mask-like, patch-like, misplaced, or visually inconsistent for egocentric use."
46,day1/members/luca/08_0225.webp,manifest_fill,2,low_to_medium,possible_partial_or_profile_artifact,preserved_outside_face,partial_or_condition_dependent,uncertain,good,not_observed_from_sheet,possible,not_preferred,conditional_only_with_quality_gate,"Output is not universally bad, but profile/partial/blur/box conditions make visual quality uncertain."
47,day1/members/allie/14_0135.webp,manifest_fill,5,low,mask_patch_or_synthetic_region,mostly_preserved_outside_face,strong_but_visibly_artificial_or_incomplete,poor_or_not_assessable,good_outside_edit,not_observed_from_sheet,yes,failure_example_only,no_except_failure_avoidance_negative_evidence,"Edited face region looks mask-like, patch-like, misplaced, or visually inconsistent for egocentric use."
48,day1/members/allie/10_0099.webp,manifest_fill,4,low,mask_patch_or_synthetic_region,mostly_preserved_outside_face,strong_but_visibly_artificial_or_incomplete,poor_or_not_assessable,good_outside_edit,not_observed_from_sheet,yes,failure_example_only,no_except_failure_avoidance_negative_evidence,"Edited face region looks mask-like, patch-like, misplaced, or visually inconsistent for egocentric use."
49,day4/members/bao/08_0028.webp,manifest_fill,0,not_applicable_no_face_or_no_box,none_for_face_region,preserved,not_applicable_no_face_or_no_box,not_applicable,good,not_observed_from_sheet,no,no_face_context_only,copy_or_other_multimodal_only,No face box in comparable manifest; output appears scene-preserving/copy-through under face-method contract.
50,day1/members/bjorn/18_0340.webp,manifest_fill,0,not_applicable_no_face_or_no_box,none_for_face_region,preserved,not_applicable_no_face_or_no_box,not_applicable,good,not_observed_from_sheet,no,no_face_context_only,copy_or_other_multimodal_only,No face box in comparable manifest; output appears scene-preserving/copy-through under face-method contract.
51,day1/members/luca/15_0236.webp,manifest_fill,3,low,mask_patch_or_synthetic_region,mostly_preserved_outside_face,strong_but_visibly_artificial_or_incomplete,poor_or_not_assessable,good_outside_edit,not_observed_from_sheet,yes,failure_example_only,no_except_failure_avoidance_negative_evidence,"Edited face region looks mask-like, patch-like, misplaced, or visually inconsistent for egocentric use."
52,day2/members/florian/19_0363.webp,manifest_fill,0,not_applicable_no_face_or_no_box,none_for_face_region,preserved,not_applicable_no_face_or_no_box,not_applicable,good,not_observed_from_sheet,no,no_face_context_only,copy_or_other_multimodal_only,No face box in comparable manifest; output appears scene-preserving/copy-through under face-method contract.
53,day1/members/werner/18_0484.webp,manifest_fill,3,low,mask_patch_or_synthetic_region,mostly_preserved_outside_face,strong_but_visibly_artificial_or_incomplete,poor_or_not_assessable,good_outside_edit,not_observed_from_sheet,yes,failure_example_only,no_except_failure_avoidance_negative_evidence,"Edited face region looks mask-like, patch-like, misplaced, or visually inconsistent for egocentric use."
54,day4/members/allie/08_0040.webp,manifest_fill,1,low_to_medium,possible_partial_or_profile_artifact,preserved_outside_face,partial_or_condition_dependent,uncertain,good,not_observed_from_sheet,possible,not_preferred,conditional_only_with_quality_gate,"Output is not universally bad, but profile/partial/blur/box conditions make visual quality uncertain."
55,day2/members/klaus/12_0264.webp,manifest_fill,0,not_applicable_no_face_or_no_box,none_for_face_region,preserved,not_applicable_no_face_or_no_box,not_applicable,good,not_observed_from_sheet,no,no_face_context_only,copy_or_other_multimodal_only,No face box in comparable manifest; output appears scene-preserving/copy-through under face-method contract.
56,day1/members/florian/08_0717.webp,manifest_fill,5,low_to_medium,possible_partial_or_profile_artifact,preserved_outside_face,partial_or_condition_dependent,uncertain,good,not_observed_from_sheet,possible,not_preferred,conditional_only_with_quality_gate,"Output is not universally bad, but profile/partial/blur/box conditions make visual quality uncertain."
57,day2/members/allie/13_0355.webp,manifest_fill,0,not_applicable_no_face_or_no_box,none_for_face_region,preserved,not_applicable_no_face_or_no_box,not_applicable,good,not_observed_from_sheet,no,no_face_context_only,copy_or_other_multimodal_only,No face box in comparable manifest; output appears scene-preserving/copy-through under face-method contract.
58,day1/members/bjorn/15_0004.webp,manifest_fill,4,low,mask_patch_or_synthetic_region,mostly_preserved_outside_face,strong_but_visibly_artificial_or_incomplete,poor_or_not_assessable,good_outside_edit,not_observed_from_sheet,yes,failure_example_only,no_except_failure_avoidance_negative_evidence,"Edited face region looks mask-like, patch-like, misplaced, or visually inconsistent for egocentric use."
59,day2/members/klaus/10_0629.webp,manifest_fill,5,low,mask_patch_or_synthetic_region,mostly_preserved_outside_face,strong_but_visibly_artificial_or_incomplete,poor_or_not_assessable,good_outside_edit,not_observed_from_sheet,yes,failure_example_only,no_except_failure_avoidance_negative_evidence,"Edited face region looks mask-like, patch-like, misplaced, or visually inconsistent for egocentric use."
60,day1/members/luca/08_0069.webp,manifest_fill,0,not_applicable_no_face_or_no_box,none_for_face_region,preserved,not_applicable_no_face_or_no_box,not_applicable,good,not_observed_from_sheet,no,no_face_context_only,copy_or_other_multimodal_only,No face box in comparable manifest; output appears scene-preserving/copy-through under face-method contract.
61,day4/members/werner/08_0337.webp,manifest_fill,2,low,mask_patch_or_synthetic_region,mostly_preserved_outside_face,strong_but_visibly_artificial_or_incomplete,poor_or_not_assessable,good_outside_edit,not_observed_from_sheet,yes,failure_example_only,no_except_failure_avoidance_negative_evidence,"Edited face region looks mask-like, patch-like, misplaced, or visually inconsistent for egocentric use."
62,day2/members/werner/17_0115.webp,manifest_fill,1,medium,low_or_not_obvious_from_sheet,preserved,moderate_to_strong,bounded_but_acceptable_from_sheet,good,not_observed_from_sheet,no,possible_bounded_example,conditional_clear_frontal_or_large_face_only,"One of the more visually acceptable cases, but still not evidence of production-grade demographic or scene realism."
63,day3/members/klaus/12_0484.webp,manifest_fill,0,not_applicable_no_face_or_no_box,none_for_face_region,preserved,not_applicable_no_face_or_no_box,not_applicable,good,not_observed_from_sheet,no,no_face_context_only,copy_or_other_multimodal_only,No face box in comparable manifest; output appears scene-preserving/copy-through under face-method contract.
64,day4/members/stevan/13_0149.webp,manifest_fill,4,low_to_medium,possible_partial_or_profile_artifact,preserved_outside_face,partial_or_condition_dependent,uncertain,good,not_observed_from_sheet,possible,not_preferred,conditional_only_with_quality_gate,"Output is not universally bad, but profile/partial/blur/box conditions make visual quality uncertain."
65,day1/members/luca/08_0716.webp,manifest_fill,2,low_to_medium,possible_partial_or_profile_artifact,preserved_outside_face,partial_or_condition_dependent,uncertain,good,not_observed_from_sheet,possible,not_preferred,conditional_only_with_quality_gate,"Output is not universally bad, but profile/partial/blur/box conditions make visual quality uncertain."
66,day1/members/cathal/08_0346.webp,manifest_fill,0,not_applicable_no_face_or_no_box,none_for_face_region,preserved,not_applicable_no_face_or_no_box,not_applicable,good,not_observed_from_sheet,no,no_face_context_only,copy_or_other_multimodal_only,No face box in comparable manifest; output appears scene-preserving/copy-through under face-method contract.
67,day4/members/florian/10_0112.webp,manifest_fill,2,low,mask_patch_or_synthetic_region,mostly_preserved_outside_face,strong_but_visibly_artificial_or_incomplete,poor_or_not_assessable,good_outside_edit,not_observed_from_sheet,yes,failure_example_only,no_except_failure_avoidance_negative_evidence,"Edited face region looks mask-like, patch-like, misplaced, or visually inconsistent for egocentric use."
68,day1/members/florian/13_0133.webp,manifest_fill,1,low_to_medium,possible_partial_or_profile_artifact,preserved_outside_face,partial_or_condition_dependent,uncertain,good,not_observed_from_sheet,possible,not_preferred,conditional_only_with_quality_gate,"Output is not universally bad, but profile/partial/blur/box conditions make visual quality uncertain."
69,day2/members/tien/19_0311.webp,manifest_fill,2,medium,low_or_not_obvious_from_sheet,preserved,moderate_to_strong,bounded_but_acceptable_from_sheet,good,not_observed_from_sheet,no,possible_bounded_example,conditional_clear_frontal_or_large_face_only,"One of the more visually acceptable cases, but still not evidence of production-grade demographic or scene realism."
70,day3/members/werner/08_0688.webp,manifest_fill,3,low_to_medium,possible_partial_or_profile_artifact,preserved_outside_face,partial_or_condition_dependent,uncertain,good,not_observed_from_sheet,possible,not_preferred,conditional_only_with_quality_gate,"Output is not universally bad, but profile/partial/blur/box conditions make visual quality uncertain."
71,day3/members/onanong/11_0042.webp,manifest_fill,2,low,mask_patch_or_synthetic_region,mostly_preserved_outside_face,strong_but_visibly_artificial_or_incomplete,poor_or_not_assessable,good_outside_edit,not_observed_from_sheet,yes,failure_example_only,no_except_failure_avoidance_negative_evidence,"Edited face region looks mask-like, patch-like, misplaced, or visually inconsistent for egocentric use."
72,day3/members/luca/18_0573.webp,manifest_fill,4,low_to_medium,possible_partial_or_profile_artifact,preserved_outside_face,partial_or_condition_dependent,uncertain,good,not_observed_from_sheet,possible,not_preferred,conditional_only_with_quality_gate,"Output is not universally bad, but profile/partial/blur/box conditions make visual quality uncertain."
73,day3/members/allie/17_0205.webp,manifest_fill,1,low,mask_patch_or_synthetic_region,mostly_preserved_outside_face,strong_but_visibly_artificial_or_incomplete,poor_or_not_assessable,good_outside_edit,not_observed_from_sheet,yes,failure_example_only,no_except_failure_avoidance_negative_evidence,"Edited face region looks mask-like, patch-like, misplaced, or visually inconsistent for egocentric use."
74,day3/members/bjorn/18_0629.webp,manifest_fill,5,low,mask_patch_or_synthetic_region,mostly_preserved_outside_face,strong_but_visibly_artificial_or_incomplete,poor_or_not_assessable,good_outside_edit,not_observed_from_sheet,yes,failure_example_only,no_except_failure_avoidance_negative_evidence,"Edited face region looks mask-like, patch-like, misplaced, or visually inconsistent for egocentric use."
75,day3/members/florian/19_0349.webp,manifest_fill,0,not_applicable_no_face_or_no_box,none_for_face_region,preserved,not_applicable_no_face_or_no_box,not_applicable,good,not_observed_from_sheet,no,no_face_context_only,copy_or_other_multimodal_only,No face box in comparable manifest; output appears scene-preserving/copy-through under face-method contract.
76,day3/members/cathal/11_0509.webp,manifest_fill,0,not_applicable_no_face_or_no_box,none_for_face_region,preserved,not_applicable_no_face_or_no_box,not_applicable,good,not_observed_from_sheet,no,no_face_context_only,copy_or_other_multimodal_only,No face box in comparable manifest; output appears scene-preserving/copy-through under face-method contract.
77,day3/members/allie/17_0399.webp,manifest_fill,3,low_to_medium,possible_partial_or_profile_artifact,preserved_outside_face,partial_or_condition_dependent,uncertain,good,not_observed_from_sheet,possible,not_preferred,conditional_only_with_quality_gate,"Output is not universally bad, but profile/partial/blur/box conditions make visual quality uncertain."
78,day1/members/klaus/09_0114.webp,manifest_fill,5,low_to_medium,possible_partial_or_profile_artifact,preserved_outside_face,partial_or_condition_dependent,uncertain,good,not_observed_from_sheet,possible,not_preferred,conditional_only_with_quality_gate,"Output is not universally bad, but profile/partial/blur/box conditions make visual quality uncertain."
79,day4/members/klaus/11_0401.webp,manifest_fill,6,low_to_medium,possible_partial_or_profile_artifact,preserved_outside_face,partial_or_condition_dependent,uncertain,good,not_observed_from_sheet,possible,not_preferred,conditional_only_with_quality_gate,"Output is not universally bad, but profile/partial/blur/box conditions make visual quality uncertain."
80,day4/members/luca/14_0559.webp,manifest_fill,1,low_to_medium,possible_partial_or_profile_artifact,preserved_outside_face,partial_or_condition_dependent,uncertain,good,not_observed_from_sheet,possible,not_preferred,conditional_only_with_quality_gate,"Output is not universally bad, but profile/partial/blur/box conditions make visual quality uncertain."
81,day2/members/bjorn/19_0429.webp,manifest_fill,0,not_applicable_no_face_or_no_box,none_for_face_region,preserved,not_applicable_no_face_or_no_box,not_applicable,good,not_observed_from_sheet,no,no_face_context_only,copy_or_other_multimodal_only,No face box in comparable manifest; output appears scene-preserving/copy-through under face-method contract.
82,day1/members/luca/12_0168.webp,manifest_fill,0,not_applicable_no_face_or_no_box,none_for_face_region,preserved,not_applicable_no_face_or_no_box,not_applicable,good,not_observed_from_sheet,no,no_face_context_only,copy_or_other_multimodal_only,No face box in comparable manifest; output appears scene-preserving/copy-through under face-method contract.
83,day4/members/onanong/12_0450.webp,manifest_fill,0,not_applicable_no_face_or_no_box,none_for_face_region,preserved,not_applicable_no_face_or_no_box,not_applicable,good,not_observed_from_sheet,no,no_face_context_only,copy_or_other_multimodal_only,No face box in comparable manifest; output appears scene-preserving/copy-through under face-method contract.
84,day2/members/cathal/12_0044.webp,manifest_fill,2,low,mask_patch_or_synthetic_region,mostly_preserved_outside_face,strong_but_visibly_artificial_or_incomplete,poor_or_not_assessable,good_outside_edit,not_observed_from_sheet,yes,failure_example_only,no_except_failure_avoidance_negative_evidence,"Edited face region looks mask-like, patch-like, misplaced, or visually inconsistent for egocentric use."
85,day3/members/klaus/15_0375.webp,manifest_fill,0,not_applicable_no_face_or_no_box,none_for_face_region,preserved,not_applicable_no_face_or_no_box,not_applicable,good,not_observed_from_sheet,no,no_face_context_only,copy_or_other_multimodal_only,No face box in comparable manifest; output appears scene-preserving/copy-through under face-method contract.
86,day1/members/onanong/10_0201.webp,manifest_fill,4,low_to_medium,possible_partial_or_profile_artifact,preserved_outside_face,partial_or_condition_dependent,uncertain,good,not_observed_from_sheet,possible,not_preferred,conditional_only_with_quality_gate,"Output is not universally bad, but profile/partial/blur/box conditions make visual quality uncertain."
87,day2/members/florian/14_0324.webp,manifest_fill,9,low,mask_patch_or_synthetic_region,mostly_preserved_outside_face,strong_but_visibly_artificial_or_incomplete,poor_or_not_assessable,good_outside_edit,not_observed_from_sheet,yes,failure_example_only,no_except_failure_avoidance_negative_evidence,"Edited face region looks mask-like, patch-like, misplaced, or visually inconsistent for egocentric use."
88,day4/members/bao/11_0549.webp,manifest_fill,9,low_to_medium,possible_partial_or_profile_artifact,preserved_outside_face,partial_or_condition_dependent,uncertain,good,not_observed_from_sheet,possible,not_preferred,conditional_only_with_quality_gate,"Output is not universally bad, but profile/partial/blur/box conditions make visual quality uncertain."
89,day3/members/florian/12_0302.webp,manifest_fill,1,low,mask_patch_or_synthetic_region,mostly_preserved_outside_face,strong_but_visibly_artificial_or_incomplete,poor_or_not_assessable,good_outside_edit,not_observed_from_sheet,yes,failure_example_only,no_except_failure_avoidance_negative_evidence,"Edited face region looks mask-like, patch-like, misplaced, or visually inconsistent for egocentric use."
90,day3/members/allie/12_0570.webp,manifest_fill,0,not_applicable_no_face_or_no_box,none_for_face_region,preserved,not_applicable_no_face_or_no_box,not_applicable,good,not_observed_from_sheet,no,no_face_context_only,copy_or_other_multimodal_only,No face box in comparable manifest; output appears scene-preserving/copy-through under face-method contract.
91,day3/members/tien/09_0391.webp,manifest_fill,0,not_applicable_no_face_or_no_box,none_for_face_region,preserved,not_applicable_no_face_or_no_box,not_applicable,good,not_observed_from_sheet,no,no_face_context_only,copy_or_other_multimodal_only,No face box in comparable manifest; output appears scene-preserving/copy-through under face-method contract.
92,day4/members/luca/10_0077.webp,manifest_fill,1,low_to_medium,possible_partial_or_profile_artifact,preserved_outside_face,partial_or_condition_dependent,uncertain,good,not_observed_from_sheet,possible,not_preferred,conditional_only_with_quality_gate,"Output is not universally bad, but profile/partial/blur/box conditions make visual quality uncertain."
93,day3/members/stevan/20_0090.webp,manifest_fill,0,not_applicable_no_face_or_no_box,none_for_face_region,preserved,not_applicable_no_face_or_no_box,not_applicable,good,not_observed_from_sheet,no,no_face_context_only,copy_or_other_multimodal_only,No face box in comparable manifest; output appears scene-preserving/copy-through under face-method contract.
94,day3/members/klaus/18_0283.webp,manifest_fill,7,low_to_medium,possible_partial_or_profile_artifact,preserved_outside_face,partial_or_condition_dependent,uncertain,good,not_observed_from_sheet,possible,not_preferred,conditional_only_with_quality_gate,"Output is not universally bad, but profile/partial/blur/box conditions make visual quality uncertain."
95,day4/members/bjorn/08_0670.webp,manifest_fill,1,low_to_medium,possible_partial_or_profile_artifact,preserved_outside_face,partial_or_condition_dependent,uncertain,good,not_observed_from_sheet,possible,not_preferred,conditional_only_with_quality_gate,"Output is not universally bad, but profile/partial/blur/box conditions make visual quality uncertain."
96,day3/members/luca/18_0517.webp,manifest_fill,5,low_to_medium,possible_partial_or_profile_artifact,preserved_outside_face,partial_or_condition_dependent,uncertain,good,not_observed_from_sheet,possible,not_preferred,conditional_only_with_quality_gate,"Output is not universally bad, but profile/partial/blur/box conditions make visual quality uncertain."
97,day1/members/onanong/14_0049.webp,manifest_fill,1,low,mask_patch_or_synthetic_region,mostly_preserved_outside_face,strong_but_visibly_artificial_or_incomplete,poor_or_not_assessable,good_outside_edit,not_observed_from_sheet,yes,failure_example_only,no_except_failure_avoidance_negative_evidence,"Edited face region looks mask-like, patch-like, misplaced, or visually inconsistent for egocentric use."
98,day1/members/luca/15_0372.webp,manifest_fill,3,low_to_medium,possible_partial_or_profile_artifact,preserved_outside_face,partial_or_condition_dependent,uncertain,good,not_observed_from_sheet,possible,not_preferred,conditional_only_with_quality_gate,"Output is not universally bad, but profile/partial/blur/box conditions make visual quality uncertain."
99,day4/members/cathal/13_0418.webp,manifest_fill,5,low,mask_patch_or_synthetic_region,mostly_preserved_outside_face,strong_but_visibly_artificial_or_incomplete,poor_or_not_assessable,good_outside_edit,not_observed_from_sheet,yes,failure_example_only,no_except_failure_avoidance_negative_evidence,"Edited face region looks mask-like, patch-like, misplaced, or visually inconsistent for egocentric use."
100,day1/members/bjorn/10_0088.webp,manifest_fill,4,medium,low_or_not_obvious_from_sheet,preserved,moderate_to_strong,bounded_but_acceptable_from_sheet,good,not_observed_from_sheet,no,possible_bounded_example,conditional_clear_frontal_or_large_face_only,"One of the more visually acceptable cases, but still not evidence of production-grade demographic or scene realism."
