relative_path,method,output_path,status,box_count,runtime_seconds
day1/members/allie/08_0276.webp,riddle,outputs/03_anonymisation/12_riddle/images/day1/members/allie/08_0276.webp,ok,3,0.350222836429603
day1/members/allie/09_0160.webp,riddle,outputs/03_anonymisation/12_riddle/images/day1/members/allie/09_0160.webp,ok,4,0.46696378190613735
day1/members/allie/09_0273.webp,riddle,outputs/03_anonymisation/12_riddle/images/day1/members/allie/09_0273.webp,ok,6,0.8202387769044378
day1/members/allie/09_0647.webp,riddle,outputs/03_anonymisation/12_riddle/images/day1/members/allie/09_0647.webp,ok,3,0.39686977058947476
day1/members/allie/09_0673.webp,riddle,outputs/03_anonymisation/12_riddle/images/day1/members/allie/09_0673.webp,ok,2,0.23348189095306868
day1/members/allie/10_0099.webp,riddle,outputs/03_anonymisation/12_riddle/images/day1/members/allie/10_0099.webp,ok,4,0.5468258512696251
day1/members/allie/10_0296.webp,riddle,outputs/03_anonymisation/12_riddle/images/day1/members/allie/10_0296.webp,ok,4,0.5468258512696251
day1/members/allie/10_0339.webp,riddle,outputs/03_anonymisation/12_riddle/images/day1/members/allie/10_0339.webp,ok,5,0.5837047273826718
day1/members/allie/10_0546.webp,riddle,outputs/03_anonymisation/12_riddle/images/day1/members/allie/10_0546.webp,ok,7,0.9569452397218441
day1/members/allie/12_0272.webp,riddle,outputs/03_anonymisation/12_riddle/images/day1/members/allie/12_0272.webp,ok,3,0.350222836429603
day1/members/allie/14_0135.webp,riddle,outputs/03_anonymisation/12_riddle/images/day1/members/allie/14_0135.webp,ok,5,0.6835323140870315
day1/members/allie/15_0458.webp,riddle,outputs/03_anonymisation/12_riddle/images/day1/members/allie/15_0458.webp,ok,1,0.13670646281740628
day1/members/allie/18_0412.webp,riddle,outputs/03_anonymisation/12_riddle/images/day1/members/allie/18_0412.webp,ok,3,0.4101193884522189
day1/members/bjorn/09_0300.webp,riddle,outputs/03_anonymisation/12_riddle/images/day1/members/bjorn/09_0300.webp,ok,6,0.7937395411789495
day1/members/bjorn/09_0318.webp,riddle,outputs/03_anonymisation/12_riddle/images/day1/members/bjorn/09_0318.webp,copied_no_face,0,0.13670646281740628
day1/members/bjorn/10_0088.webp,riddle,outputs/03_anonymisation/12_riddle/images/day1/members/bjorn/10_0088.webp,ok,4,0.5468258512696251
day1/members/bjorn/10_0130.webp,riddle,outputs/03_anonymisation/12_riddle/images/day1/members/bjorn/10_0130.webp,ok,5,0.6835323140870315
day1/members/bjorn/10_0501.webp,riddle,outputs/03_anonymisation/12_riddle/images/day1/members/bjorn/10_0501.webp,ok,7,0.9569452397218441
day1/members/bjorn/11_0116.webp,riddle,outputs/03_anonymisation/12_riddle/images/day1/members/bjorn/11_0116.webp,ok,4,0.5468258512696251
day1/members/bjorn/12_0196.webp,riddle,outputs/03_anonymisation/12_riddle/images/day1/members/bjorn/12_0196.webp,copied_no_face,0,0.1322899235298249
day1/members/bjorn/14_0017.webp,riddle,outputs/03_anonymisation/12_riddle/images/day1/members/bjorn/14_0017.webp,copied_no_face,0,0.13670646281740628
day1/members/bjorn/15_0004.webp,riddle,outputs/03_anonymisation/12_riddle/images/day1/members/bjorn/15_0004.webp,ok,4,0.5468258512696251
day1/members/bjorn/15_0586.webp,riddle,outputs/03_anonymisation/12_riddle/images/day1/members/bjorn/15_0586.webp,copied_no_face,0,0.13670646281740628
day1/members/bjorn/18_0134.webp,riddle,outputs/03_anonymisation/12_riddle/images/day1/members/bjorn/18_0134.webp,ok,2,0.27341292563481256
day1/members/bjorn/18_0340.webp,riddle,outputs/03_anonymisation/12_riddle/images/day1/members/bjorn/18_0340.webp,copied_no_face,0,0.13670646281740628
day1/members/bjorn/18_0660.webp,riddle,outputs/03_anonymisation/12_riddle/images/day1/members/bjorn/18_0660.webp,copied_no_face,0,0.1322899235298249
day1/members/bjorn/19_0016.webp,riddle,outputs/03_anonymisation/12_riddle/images/day1/members/bjorn/19_0016.webp,copied_no_face,0,0.11674094547653434
day1/members/cathal/08_0346.webp,riddle,outputs/03_anonymisation/12_riddle/images/day1/members/cathal/08_0346.webp,copied_no_face,0,0.13670646281740628
day1/members/cathal/09_0001.webp,riddle,outputs/03_anonymisation/12_riddle/images/day1/members/cathal/09_0001.webp,ok,5,0.6835323140870315
day1/members/cathal/10_0676.webp,riddle,outputs/03_anonymisation/12_riddle/images/day1/members/cathal/10_0676.webp,ok,5,0.5837047273826718
day1/members/cathal/10_0708.webp,riddle,outputs/03_anonymisation/12_riddle/images/day1/members/cathal/10_0708.webp,ok,5,0.6835323140870315
day1/members/cathal/11_0405.webp,riddle,outputs/03_anonymisation/12_riddle/images/day1/members/cathal/11_0405.webp,ok,1,0.11674094547653434
day1/members/cathal/11_0477.webp,riddle,outputs/03_anonymisation/12_riddle/images/day1/members/cathal/11_0477.webp,copied_no_face,0,0.1322899235298249
day1/members/cathal/12_0342.webp,riddle,outputs/03_anonymisation/12_riddle/images/day1/members/cathal/12_0342.webp,ok,4,0.5468258512696251
day1/members/cathal/13_0040.webp,riddle,outputs/03_anonymisation/12_riddle/images/day1/members/cathal/13_0040.webp,ok,1,0.13670646281740628
day1/members/cathal/14_0484.webp,riddle,outputs/03_anonymisation/12_riddle/images/day1/members/cathal/14_0484.webp,ok,1,0.11674094547653434
day1/members/cathal/14_0490.webp,riddle,outputs/03_anonymisation/12_riddle/images/day1/members/cathal/14_0490.webp,ok,8,0.9339275638122747
day1/members/cathal/14_0708.webp,riddle,outputs/03_anonymisation/12_riddle/images/day1/members/cathal/14_0708.webp,ok,6,0.700445672859206
day1/members/cathal/15_0162.webp,riddle,outputs/03_anonymisation/12_riddle/images/day1/members/cathal/15_0162.webp,ok,4,0.46696378190613735
day1/members/cathal/15_0298.webp,riddle,outputs/03_anonymisation/12_riddle/images/day1/members/cathal/15_0298.webp,ok,4,0.5468258512696251
day1/members/cathal/18_0317.webp,riddle,outputs/03_anonymisation/12_riddle/images/day1/members/cathal/18_0317.webp,ok,1,0.11674094547653434
day1/members/florian/08_0341.webp,riddle,outputs/03_anonymisation/12_riddle/images/day1/members/florian/08_0341.webp,copied_no_face,0,0.13670646281740628
day1/members/florian/08_0717.webp,riddle,outputs/03_anonymisation/12_riddle/images/day1/members/florian/08_0717.webp,ok,5,0.6835323140870315
day1/members/florian/09_0596.webp,riddle,outputs/03_anonymisation/12_riddle/images/day1/members/florian/09_0596.webp,copied_no_face,0,0.11674094547653434
day1/members/florian/10_0419.webp,riddle,outputs/03_anonymisation/12_riddle/images/day1/members/florian/10_0419.webp,ok,7,0.9260294647087743
day1/members/florian/11_0210.webp,riddle,outputs/03_anonymisation/12_riddle/images/day1/members/florian/11_0210.webp,ok,2,0.2645798470596498
day1/members/florian/11_0219.webp,riddle,outputs/03_anonymisation/12_riddle/images/day1/members/florian/11_0219.webp,ok,3,0.39686977058947476
day1/members/florian/13_0133.webp,riddle,outputs/03_anonymisation/12_riddle/images/day1/members/florian/13_0133.webp,ok,1,0.13670646281740628
day1/members/florian/15_0199.webp,riddle,outputs/03_anonymisation/12_riddle/images/day1/members/florian/15_0199.webp,ok,4,0.46696378190613735
day1/members/florian/15_0647.webp,riddle,outputs/03_anonymisation/12_riddle/images/day1/members/florian/15_0647.webp,copied_no_face,0,0.13670646281740628
day1/members/florian/16_0525.webp,riddle,outputs/03_anonymisation/12_riddle/images/day1/members/florian/16_0525.webp,ok,1,0.1322899235298249
day1/members/florian/17_0649.webp,riddle,outputs/03_anonymisation/12_riddle/images/day1/members/florian/17_0649.webp,ok,6,0.7937395411789495
day1/members/florian/18_0042.webp,riddle,outputs/03_anonymisation/12_riddle/images/day1/members/florian/18_0042.webp,ok,5,0.6614496176491246
day1/members/florian/18_0275.webp,riddle,outputs/03_anonymisation/12_riddle/images/day1/members/florian/18_0275.webp,ok,3,0.39686977058947476
day1/members/florian/18_0328.webp,riddle,outputs/03_anonymisation/12_riddle/images/day1/members/florian/18_0328.webp,copied_no_face,0,0.13670646281740628
day1/members/florian/18_0375.webp,riddle,outputs/03_anonymisation/12_riddle/images/day1/members/florian/18_0375.webp,copied_no_face,0,0.13670646281740628
day1/members/florian/19_0244.webp,riddle,outputs/03_anonymisation/12_riddle/images/day1/members/florian/19_0244.webp,copied_no_face,0,0.11674094547653434
day1/members/florian/20_0151.webp,riddle,outputs/03_anonymisation/12_riddle/images/day1/members/florian/20_0151.webp,copied_no_face,0,0.11674094547653434
day1/members/klaus/09_0114.webp,riddle,outputs/03_anonymisation/12_riddle/images/day1/members/klaus/09_0114.webp,ok,5,0.6835323140870315
day1/members/klaus/09_0268.webp,riddle,outputs/03_anonymisation/12_riddle/images/day1/members/klaus/09_0268.webp,ok,7,0.9569452397218441
day1/members/klaus/10_0063.webp,riddle,outputs/03_anonymisation/12_riddle/images/day1/members/klaus/10_0063.webp,ok,1,0.13670646281740628
day1/members/klaus/10_0589.webp,riddle,outputs/03_anonymisation/12_riddle/images/day1/members/klaus/10_0589.webp,ok,9,1.1906093117684242
day1/members/klaus/11_0523.webp,riddle,outputs/03_anonymisation/12_riddle/images/day1/members/klaus/11_0523.webp,ok,2,0.23348189095306868
day1/members/klaus/12_0400.webp,riddle,outputs/03_anonymisation/12_riddle/images/day1/members/klaus/12_0400.webp,copied_no_face,0,0.11674094547653434
day1/members/klaus/12_0632.webp,riddle,outputs/03_anonymisation/12_riddle/images/day1/members/klaus/12_0632.webp,ok,2,0.23348189095306868
day1/members/klaus/15_0547.webp,riddle,outputs/03_anonymisation/12_riddle/images/day1/members/klaus/15_0547.webp,copied_no_face,0,0.11674094547653434
day1/members/klaus/16_0531.webp,riddle,outputs/03_anonymisation/12_riddle/images/day1/members/klaus/16_0531.webp,ok,1,0.13670646281740628
day1/members/klaus/17_0002.webp,riddle,outputs/03_anonymisation/12_riddle/images/day1/members/klaus/17_0002.webp,ok,1,0.11674094547653434
day1/members/klaus/17_0206.webp,riddle,outputs/03_anonymisation/12_riddle/images/day1/members/klaus/17_0206.webp,ok,2,0.27341292563481256
day1/members/klaus/17_0521.webp,riddle,outputs/03_anonymisation/12_riddle/images/day1/members/klaus/17_0521.webp,ok,4,0.5468258512696251
day1/members/luca/08_0069.webp,riddle,outputs/03_anonymisation/12_riddle/images/day1/members/luca/08_0069.webp,copied_no_face,0,0.13670646281740628
day1/members/luca/08_0225.webp,riddle,outputs/03_anonymisation/12_riddle/images/day1/members/luca/08_0225.webp,ok,2,0.27341292563481256
day1/members/luca/08_0716.webp,riddle,outputs/03_anonymisation/12_riddle/images/day1/members/luca/08_0716.webp,ok,2,0.27341292563481256
day1/members/luca/11_0691.webp,riddle,outputs/03_anonymisation/12_riddle/images/day1/members/luca/11_0691.webp,ok,1,0.11674094547653434
day1/members/luca/12_0078.webp,riddle,outputs/03_anonymisation/12_riddle/images/day1/members/luca/12_0078.webp,copied_no_face,0,0.13670646281740628
day1/members/luca/12_0168.webp,riddle,outputs/03_anonymisation/12_riddle/images/day1/members/luca/12_0168.webp,copied_no_face,0,0.13670646281740628
day1/members/luca/12_0202.webp,riddle,outputs/03_anonymisation/12_riddle/images/day1/members/luca/12_0202.webp,ok,1,0.1322899235298249
day1/members/luca/13_0044.webp,riddle,outputs/03_anonymisation/12_riddle/images/day1/members/luca/13_0044.webp,ok,1,0.13670646281740628
day1/members/luca/14_0698.webp,riddle,outputs/03_anonymisation/12_riddle/images/day1/members/luca/14_0698.webp,ok,3,0.39686977058947476
day1/members/luca/15_0236.webp,riddle,outputs/03_anonymisation/12_riddle/images/day1/members/luca/15_0236.webp,ok,3,0.4101193884522189
day1/members/luca/15_0372.webp,riddle,outputs/03_anonymisation/12_riddle/images/day1/members/luca/15_0372.webp,ok,3,0.4101193884522189
day1/members/luca/18_0040.webp,riddle,outputs/03_anonymisation/12_riddle/images/day1/members/luca/18_0040.webp,ok,1,0.13670646281740628
day1/members/luca/19_0006.webp,riddle,outputs/03_anonymisation/12_riddle/images/day1/members/luca/19_0006.webp,ok,2,0.23348189095306868
day1/members/onanong/08_0572.webp,riddle,outputs/03_anonymisation/12_riddle/images/day1/members/onanong/08_0572.webp,ok,2,0.27341292563481256
day1/members/onanong/08_0611.webp,riddle,outputs/03_anonymisation/12_riddle/images/day1/members/onanong/08_0611.webp,ok,1,0.13670646281740628
day1/members/onanong/10_0201.webp,riddle,outputs/03_anonymisation/12_riddle/images/day1/members/onanong/10_0201.webp,ok,4,0.5468258512696251
day1/members/onanong/10_0422.webp,riddle,outputs/03_anonymisation/12_riddle/images/day1/members/onanong/10_0422.webp,ok,2,0.23348189095306868
day1/members/onanong/11_0119.webp,riddle,outputs/03_anonymisation/12_riddle/images/day1/members/onanong/11_0119.webp,copied_no_face,0,0.11674094547653434
day1/members/onanong/14_0049.webp,riddle,outputs/03_anonymisation/12_riddle/images/day1/members/onanong/14_0049.webp,ok,1,0.13670646281740628
day1/members/onanong/14_0406.webp,riddle,outputs/03_anonymisation/12_riddle/images/day1/members/onanong/14_0406.webp,ok,6,0.700445672859206
day1/members/onanong/14_0681.webp,riddle,outputs/03_anonymisation/12_riddle/images/day1/members/onanong/14_0681.webp,ok,4,0.46696378190613735
day1/members/onanong/15_0060.webp,riddle,outputs/03_anonymisation/12_riddle/images/day1/members/onanong/15_0060.webp,ok,4,0.5291596941192996
day1/members/onanong/16_0577.webp,riddle,outputs/03_anonymisation/12_riddle/images/day1/members/onanong/16_0577.webp,ok,1,0.13670646281740628
day1/members/onanong/17_0253.webp,riddle,outputs/03_anonymisation/12_riddle/images/day1/members/onanong/17_0253.webp,copied_no_face,0,0.1322899235298249
day1/members/onanong/17_0468.webp,riddle,outputs/03_anonymisation/12_riddle/images/day1/members/onanong/17_0468.webp,ok,1,0.13670646281740628
day1/members/onanong/18_0512.webp,riddle,outputs/03_anonymisation/12_riddle/images/day1/members/onanong/18_0512.webp,ok,1,0.11674094547653434
day1/members/onanong/19_0261.webp,riddle,outputs/03_anonymisation/12_riddle/images/day1/members/onanong/19_0261.webp,copied_no_face,0,0.11674094547653434
day1/members/onanong/19_0481.webp,riddle,outputs/03_anonymisation/12_riddle/images/day1/members/onanong/19_0481.webp,copied_no_face,0,0.1322899235298249
day1/members/stevan/08_0330.webp,riddle,outputs/03_anonymisation/12_riddle/images/day1/members/stevan/08_0330.webp,copied_no_face,0,0.11674094547653434
day1/members/stevan/08_0631.webp,riddle,outputs/03_anonymisation/12_riddle/images/day1/members/stevan/08_0631.webp,copied_no_face,0,0.13670646281740628
day1/members/stevan/10_0179.webp,riddle,outputs/03_anonymisation/12_riddle/images/day1/members/stevan/10_0179.webp,ok,4,0.5468258512696251
day1/members/stevan/10_0250.webp,riddle,outputs/03_anonymisation/12_riddle/images/day1/members/stevan/10_0250.webp,ok,4,0.5468258512696251
day1/members/stevan/11_0011.webp,riddle,outputs/03_anonymisation/12_riddle/images/day1/members/stevan/11_0011.webp,ok,6,0.8202387769044378
day1/members/stevan/11_0456.webp,riddle,outputs/03_anonymisation/12_riddle/images/day1/members/stevan/11_0456.webp,copied_no_face,0,0.11674094547653434
day1/members/stevan/17_0340.webp,riddle,outputs/03_anonymisation/12_riddle/images/day1/members/stevan/17_0340.webp,ok,1,0.11674094547653434
day1/members/stevan/18_0014.webp,riddle,outputs/03_anonymisation/12_riddle/images/day1/members/stevan/18_0014.webp,ok,6,0.7937395411789495
day1/members/stevan/18_0567.webp,riddle,outputs/03_anonymisation/12_riddle/images/day1/members/stevan/18_0567.webp,ok,4,0.5291596941192996
day1/members/stevan/18_0597.webp,riddle,outputs/03_anonymisation/12_riddle/images/day1/members/stevan/18_0597.webp,ok,3,0.39686977058947476
day1/members/stevan/18_0660.webp,riddle,outputs/03_anonymisation/12_riddle/images/day1/members/stevan/18_0660.webp,copied_no_face,0,0.1322899235298249
day1/members/stevan/19_0205.webp,riddle,outputs/03_anonymisation/12_riddle/images/day1/members/stevan/19_0205.webp,copied_no_face,0,0.11674094547653434
day1/members/tien/08_0068.webp,riddle,outputs/03_anonymisation/12_riddle/images/day1/members/tien/08_0068.webp,copied_no_face,0,0.13670646281740628
day1/members/tien/08_0310.webp,riddle,outputs/03_anonymisation/12_riddle/images/day1/members/tien/08_0310.webp,ok,3,0.4101193884522189
day1/members/tien/08_0483.webp,riddle,outputs/03_anonymisation/12_riddle/images/day1/members/tien/08_0483.webp,copied_no_face,0,0.11674094547653434
day1/members/tien/09_0404.webp,riddle,outputs/03_anonymisation/12_riddle/images/day1/members/tien/09_0404.webp,copied_no_face,0,0.11674094547653434
day1/members/tien/10_0032.webp,riddle,outputs/03_anonymisation/12_riddle/images/day1/members/tien/10_0032.webp,ok,4,0.46696378190613735
day1/members/tien/10_0152.webp,riddle,outputs/03_anonymisation/12_riddle/images/day1/members/tien/10_0152.webp,ok,4,0.5291596941192996
day1/members/tien/13_0571.webp,riddle,outputs/03_anonymisation/12_riddle/images/day1/members/tien/13_0571.webp,ok,3,0.4101193884522189
day1/members/tien/14_0026.webp,riddle,outputs/03_anonymisation/12_riddle/images/day1/members/tien/14_0026.webp,ok,2,0.23348189095306868
day1/members/tien/14_0211.webp,riddle,outputs/03_anonymisation/12_riddle/images/day1/members/tien/14_0211.webp,ok,6,0.8202387769044378
day1/members/tien/15_0093.webp,riddle,outputs/03_anonymisation/12_riddle/images/day1/members/tien/15_0093.webp,ok,5,0.6835323140870315
day1/members/tien/15_0585.webp,riddle,outputs/03_anonymisation/12_riddle/images/day1/members/tien/15_0585.webp,ok,1,0.11674094547653434
day1/members/tien/19_0050.webp,riddle,outputs/03_anonymisation/12_riddle/images/day1/members/tien/19_0050.webp,copied_no_face,0,0.11674094547653434
day1/members/tien/19_0392.webp,riddle,outputs/03_anonymisation/12_riddle/images/day1/members/tien/19_0392.webp,ok,9,1.2303581653566567
day1/members/werner/08_0280.webp,riddle,outputs/03_anonymisation/12_riddle/images/day1/members/werner/08_0280.webp,ok,1,0.11674094547653434
day1/members/werner/10_0429.webp,riddle,outputs/03_anonymisation/12_riddle/images/day1/members/werner/10_0429.webp,ok,7,0.8171866183357404
day1/members/werner/11_0515.webp,riddle,outputs/03_anonymisation/12_riddle/images/day1/members/werner/11_0515.webp,ok,1,0.11674094547653434
day1/members/werner/11_0547.webp,riddle,outputs/03_anonymisation/12_riddle/images/day1/members/werner/11_0547.webp,copied_no_face,0,0.13670646281740628
day1/members/werner/13_0365.webp,riddle,outputs/03_anonymisation/12_riddle/images/day1/members/werner/13_0365.webp,copied_no_face,0,0.11674094547653434
day1/members/werner/13_0606.webp,riddle,outputs/03_anonymisation/12_riddle/images/day1/members/werner/13_0606.webp,copied_no_face,0,0.13670646281740628
day1/members/werner/14_0048.webp,riddle,outputs/03_anonymisation/12_riddle/images/day1/members/werner/14_0048.webp,copied_no_face,0,0.13670646281740628
day1/members/werner/14_0080.webp,riddle,outputs/03_anonymisation/12_riddle/images/day1/members/werner/14_0080.webp,copied_no_face,0,0.1322899235298249
day1/members/werner/15_0198.webp,riddle,outputs/03_anonymisation/12_riddle/images/day1/members/werner/15_0198.webp,copied_no_face,0,0.11674094547653434
day1/members/werner/15_0199.webp,riddle,outputs/03_anonymisation/12_riddle/images/day1/members/werner/15_0199.webp,copied_no_face,0,0.11674094547653434
day1/members/werner/15_0312.webp,riddle,outputs/03_anonymisation/12_riddle/images/day1/members/werner/15_0312.webp,copied_no_face,0,0.11674094547653434
day1/members/werner/17_0457.webp,riddle,outputs/03_anonymisation/12_riddle/images/day1/members/werner/17_0457.webp,copied_no_face,0,0.11674094547653434
day1/members/werner/18_0011.webp,riddle,outputs/03_anonymisation/12_riddle/images/day1/members/werner/18_0011.webp,ok,5,0.5837047273826718
day1/members/werner/18_0148.webp,riddle,outputs/03_anonymisation/12_riddle/images/day1/members/werner/18_0148.webp,ok,6,0.700445672859206
day1/members/werner/18_0484.webp,riddle,outputs/03_anonymisation/12_riddle/images/day1/members/werner/18_0484.webp,ok,3,0.4101193884522189
day1/members/werner/19_0255.webp,riddle,outputs/03_anonymisation/12_riddle/images/day1/members/werner/19_0255.webp,ok,1,0.13670646281740628
day1/members/werner/19_0438.webp,riddle,outputs/03_anonymisation/12_riddle/images/day1/members/werner/19_0438.webp,ok,4,0.5291596941192996
day2/members/allie/10_0201.webp,riddle,outputs/03_anonymisation/12_riddle/images/day2/members/allie/10_0201.webp,ok,4,0.46696378190613735
day2/members/allie/10_0243.webp,riddle,outputs/03_anonymisation/12_riddle/images/day2/members/allie/10_0243.webp,ok,2,0.27341292563481256
day2/members/allie/11_0188.webp,riddle,outputs/03_anonymisation/12_riddle/images/day2/members/allie/11_0188.webp,ok,6,0.8202387769044378
day2/members/allie/11_0505.webp,riddle,outputs/03_anonymisation/12_riddle/images/day2/members/allie/11_0505.webp,ok,6,0.8202387769044378
day2/members/allie/13_0179.webp,riddle,outputs/03_anonymisation/12_riddle/images/day2/members/allie/13_0179.webp,copied_no_face,0,0.13670646281740628
day2/members/allie/13_0355.webp,riddle,outputs/03_anonymisation/12_riddle/images/day2/members/allie/13_0355.webp,copied_no_face,0,0.13670646281740628
day2/members/allie/15_0703.webp,riddle,outputs/03_anonymisation/12_riddle/images/day2/members/allie/15_0703.webp,copied_no_face,0,0.11674094547653434
day2/members/allie/16_0153.webp,riddle,outputs/03_anonymisation/12_riddle/images/day2/members/allie/16_0153.webp,ok,1,0.11674094547653434
day2/members/allie/16_0556.webp,riddle,outputs/03_anonymisation/12_riddle/images/day2/members/allie/16_0556.webp,copied_no_face,0,0.1322899235298249
day2/members/allie/17_0093.webp,riddle,outputs/03_anonymisation/12_riddle/images/day2/members/allie/17_0093.webp,ok,1,0.11674094547653434
day2/members/allie/17_0175.webp,riddle,outputs/03_anonymisation/12_riddle/images/day2/members/allie/17_0175.webp,ok,1,0.11674094547653434
day2/members/allie/17_0331.webp,riddle,outputs/03_anonymisation/12_riddle/images/day2/members/allie/17_0331.webp,ok,1,0.13670646281740628
day2/members/allie/19_0622.webp,riddle,outputs/03_anonymisation/12_riddle/images/day2/members/allie/19_0622.webp,ok,7,0.9260294647087743
day2/members/bjorn/11_0031.webp,riddle,outputs/03_anonymisation/12_riddle/images/day2/members/bjorn/11_0031.webp,ok,5,0.5837047273826718
day2/members/bjorn/12_0518.webp,riddle,outputs/03_anonymisation/12_riddle/images/day2/members/bjorn/12_0518.webp,ok,1,0.11674094547653434
day2/members/bjorn/15_0627.webp,riddle,outputs/03_anonymisation/12_riddle/images/day2/members/bjorn/15_0627.webp,copied_no_face,0,0.13670646281740628
day2/members/bjorn/16_0250.webp,riddle,outputs/03_anonymisation/12_riddle/images/day2/members/bjorn/16_0250.webp,copied_no_face,0,0.13670646281740628
day2/members/bjorn/16_0632.webp,riddle,outputs/03_anonymisation/12_riddle/images/day2/members/bjorn/16_0632.webp,ok,2,0.2645798470596498
day2/members/bjorn/17_0110.webp,riddle,outputs/03_anonymisation/12_riddle/images/day2/members/bjorn/17_0110.webp,copied_no_face,0,0.11674094547653434
day2/members/bjorn/17_0327.webp,riddle,outputs/03_anonymisation/12_riddle/images/day2/members/bjorn/17_0327.webp,copied_no_face,0,0.11674094547653434
day2/members/bjorn/19_0139.webp,riddle,outputs/03_anonymisation/12_riddle/images/day2/members/bjorn/19_0139.webp,ok,2,0.23348189095306868
day2/members/bjorn/19_0187.webp,riddle,outputs/03_anonymisation/12_riddle/images/day2/members/bjorn/19_0187.webp,ok,2,0.23348189095306868
day2/members/bjorn/19_0429.webp,riddle,outputs/03_anonymisation/12_riddle/images/day2/members/bjorn/19_0429.webp,copied_no_face,0,0.13670646281740628
day2/members/bjorn/19_0586.webp,riddle,outputs/03_anonymisation/12_riddle/images/day2/members/bjorn/19_0586.webp,ok,3,0.39686977058947476
day2/members/bjorn/20_0121.webp,riddle,outputs/03_anonymisation/12_riddle/images/day2/members/bjorn/20_0121.webp,ok,4,0.5468258512696251
day2/members/cathal/10_0273.webp,riddle,outputs/03_anonymisation/12_riddle/images/day2/members/cathal/10_0273.webp,ok,1,0.11674094547653434
day2/members/cathal/10_0597.webp,riddle,outputs/03_anonymisation/12_riddle/images/day2/members/cathal/10_0597.webp,ok,4,0.5468258512696251
day2/members/cathal/11_0012.webp,riddle,outputs/03_anonymisation/12_riddle/images/day2/members/cathal/11_0012.webp,ok,4,0.46696378190613735
day2/members/cathal/11_0063.webp,riddle,outputs/03_anonymisation/12_riddle/images/day2/members/cathal/11_0063.webp,ok,6,0.700445672859206
day2/members/cathal/12_0044.webp,riddle,outputs/03_anonymisation/12_riddle/images/day2/members/cathal/12_0044.webp,ok,2,0.27341292563481256
day2/members/cathal/14_0185.webp,riddle,outputs/03_anonymisation/12_riddle/images/day2/members/cathal/14_0185.webp,ok,1,0.1322899235298249
day2/members/cathal/14_0312.webp,riddle,outputs/03_anonymisation/12_riddle/images/day2/members/cathal/14_0312.webp,ok,7,0.8171866183357404
day2/members/cathal/14_0361.webp,riddle,outputs/03_anonymisation/12_riddle/images/day2/members/cathal/14_0361.webp,ok,3,0.4101193884522189
day2/members/cathal/18_0081.webp,riddle,outputs/03_anonymisation/12_riddle/images/day2/members/cathal/18_0081.webp,ok,2,0.2645798470596498
day2/members/cathal/19_0198.webp,riddle,outputs/03_anonymisation/12_riddle/images/day2/members/cathal/19_0198.webp,copied_no_face,0,0.13670646281740628
day2/members/cathal/19_0211.webp,riddle,outputs/03_anonymisation/12_riddle/images/day2/members/cathal/19_0211.webp,ok,2,0.2645798470596498
day2/members/cathal/19_0687.webp,riddle,outputs/03_anonymisation/12_riddle/images/day2/members/cathal/19_0687.webp,ok,3,0.4101193884522189
day2/members/florian/10_0103.webp,riddle,outputs/03_anonymisation/12_riddle/images/day2/members/florian/10_0103.webp,ok,2,0.23348189095306868
day2/members/florian/11_0279.webp,riddle,outputs/03_anonymisation/12_riddle/images/day2/members/florian/11_0279.webp,ok,3,0.350222836429603
day2/members/florian/12_0020.webp,riddle,outputs/03_anonymisation/12_riddle/images/day2/members/florian/12_0020.webp,copied_no_face,0,0.13670646281740628
day2/members/florian/12_0418.webp,riddle,outputs/03_anonymisation/12_riddle/images/day2/members/florian/12_0418.webp,copied_no_face,0,0.1322899235298249
day2/members/florian/12_0439.webp,riddle,outputs/03_anonymisation/12_riddle/images/day2/members/florian/12_0439.webp,copied_no_face,0,0.13670646281740628
day2/members/florian/14_0042.webp,riddle,outputs/03_anonymisation/12_riddle/images/day2/members/florian/14_0042.webp,copied_no_face,0,0.11674094547653434
day2/members/florian/14_0293.webp,riddle,outputs/03_anonymisation/12_riddle/images/day2/members/florian/14_0293.webp,ok,9,1.050668509288809
day2/members/florian/14_0303.webp,riddle,outputs/03_anonymisation/12_riddle/images/day2/members/florian/14_0303.webp,ok,8,1.0583193882385993
day2/members/florian/14_0324.webp,riddle,outputs/03_anonymisation/12_riddle/images/day2/members/florian/14_0324.webp,ok,9,1.2303581653566567
day2/members/florian/14_0672.webp,riddle,outputs/03_anonymisation/12_riddle/images/day2/members/florian/14_0672.webp,ok,2,0.2645798470596498
day2/members/florian/14_0717.webp,riddle,outputs/03_anonymisation/12_riddle/images/day2/members/florian/14_0717.webp,ok,1,0.11674094547653434
day2/members/florian/15_0006.webp,riddle,outputs/03_anonymisation/12_riddle/images/day2/members/florian/15_0006.webp,copied_no_face,0,0.1322899235298249
day2/members/florian/15_0118.webp,riddle,outputs/03_anonymisation/12_riddle/images/day2/members/florian/15_0118.webp,ok,1,0.11674094547653434
day2/members/florian/15_0395.webp,riddle,outputs/03_anonymisation/12_riddle/images/day2/members/florian/15_0395.webp,copied_no_face,0,0.1322899235298249
day2/members/florian/19_0363.webp,riddle,outputs/03_anonymisation/12_riddle/images/day2/members/florian/19_0363.webp,copied_no_face,0,0.13670646281740628
day2/members/klaus/10_0219.webp,riddle,outputs/03_anonymisation/12_riddle/images/day2/members/klaus/10_0219.webp,ok,3,0.350222836429603
day2/members/klaus/10_0464.webp,riddle,outputs/03_anonymisation/12_riddle/images/day2/members/klaus/10_0464.webp,ok,3,0.350222836429603
day2/members/klaus/10_0629.webp,riddle,outputs/03_anonymisation/12_riddle/images/day2/members/klaus/10_0629.webp,ok,5,0.6835323140870315
day2/members/klaus/12_0153.webp,riddle,outputs/03_anonymisation/12_riddle/images/day2/members/klaus/12_0153.webp,copied_no_face,0,0.11674094547653434
day2/members/klaus/12_0264.webp,riddle,outputs/03_anonymisation/12_riddle/images/day2/members/klaus/12_0264.webp,copied_no_face,0,0.13670646281740628
day2/members/klaus/12_0531.webp,riddle,outputs/03_anonymisation/12_riddle/images/day2/members/klaus/12_0531.webp,copied_no_face,0,0.13670646281740628
day2/members/klaus/13_0148.webp,riddle,outputs/03_anonymisation/12_riddle/images/day2/members/klaus/13_0148.webp,ok,4,0.5291596941192996
day2/members/klaus/13_0331.webp,riddle,outputs/03_anonymisation/12_riddle/images/day2/members/klaus/13_0331.webp,ok,4,0.46696378190613735
day2/members/klaus/15_0590.webp,riddle,outputs/03_anonymisation/12_riddle/images/day2/members/klaus/15_0590.webp,copied_no_face,0,0.13670646281740628
day2/members/klaus/18_0506.webp,riddle,outputs/03_anonymisation/12_riddle/images/day2/members/klaus/18_0506.webp,ok,4,0.46696378190613735
day2/members/klaus/18_0601.webp,riddle,outputs/03_anonymisation/12_riddle/images/day2/members/klaus/18_0601.webp,ok,2,0.27341292563481256
day2/members/klaus/18_0665.webp,riddle,outputs/03_anonymisation/12_riddle/images/day2/members/klaus/18_0665.webp,ok,3,0.4101193884522189
day2/members/klaus/19_0493.webp,riddle,outputs/03_anonymisation/12_riddle/images/day2/members/klaus/19_0493.webp,ok,5,0.5837047273826718
day2/members/luca/10_0406.webp,riddle,outputs/03_anonymisation/12_riddle/images/day2/members/luca/10_0406.webp,copied_no_face,0,0.1322899235298249
day2/members/luca/10_0586.webp,riddle,outputs/03_anonymisation/12_riddle/images/day2/members/luca/10_0586.webp,ok,4,0.5468258512696251
day2/members/luca/10_0654.webp,riddle,outputs/03_anonymisation/12_riddle/images/day2/members/luca/10_0654.webp,ok,4,0.5468258512696251
day2/members/luca/11_0416.webp,riddle,outputs/03_anonymisation/12_riddle/images/day2/members/luca/11_0416.webp,ok,5,0.6835323140870315
day2/members/luca/12_0565.webp,riddle,outputs/03_anonymisation/12_riddle/images/day2/members/luca/12_0565.webp,copied_no_face,0,0.1322899235298249
day2/members/luca/13_0250.webp,riddle,outputs/03_anonymisation/12_riddle/images/day2/members/luca/13_0250.webp,ok,1,0.11674094547653434
day2/members/luca/14_0016.webp,riddle,outputs/03_anonymisation/12_riddle/images/day2/members/luca/14_0016.webp,ok,2,0.2645798470596498
day2/members/luca/14_0354.webp,riddle,outputs/03_anonymisation/12_riddle/images/day2/members/luca/14_0354.webp,ok,7,0.8171866183357404
day2/members/luca/17_0072.webp,riddle,outputs/03_anonymisation/12_riddle/images/day2/members/luca/17_0072.webp,copied_no_face,0,0.11674094547653434
day2/members/luca/17_0249.webp,riddle,outputs/03_anonymisation/12_riddle/images/day2/members/luca/17_0249.webp,copied_no_face,0,0.13670646281740628
day2/members/luca/18_0188.webp,riddle,outputs/03_anonymisation/12_riddle/images/day2/members/luca/18_0188.webp,copied_no_face,0,0.11674094547653434
day2/members/luca/18_0197.webp,riddle,outputs/03_anonymisation/12_riddle/images/day2/members/luca/18_0197.webp,copied_no_face,0,0.1322899235298249
day2/members/luca/18_0250.webp,riddle,outputs/03_anonymisation/12_riddle/images/day2/members/luca/18_0250.webp,ok,2,0.23348189095306868
day2/members/luca/19_0633.webp,riddle,outputs/03_anonymisation/12_riddle/images/day2/members/luca/19_0633.webp,ok,5,0.5837047273826718
day2/members/luca/20_0211.webp,riddle,outputs/03_anonymisation/12_riddle/images/day2/members/luca/20_0211.webp,ok,4,0.5468258512696251
day2/members/onanong/10_0373.webp,riddle,outputs/03_anonymisation/12_riddle/images/day2/members/onanong/10_0373.webp,ok,2,0.27341292563481256
day2/members/onanong/10_0518.webp,riddle,outputs/03_anonymisation/12_riddle/images/day2/members/onanong/10_0518.webp,ok,5,0.5837047273826718
day2/members/onanong/11_0590.webp,riddle,outputs/03_anonymisation/12_riddle/images/day2/members/onanong/11_0590.webp,ok,1,0.11674094547653434
day2/members/onanong/11_0615.webp,riddle,outputs/03_anonymisation/12_riddle/images/day2/members/onanong/11_0615.webp,copied_no_face,0,0.11674094547653434
day2/members/onanong/12_0404.webp,riddle,outputs/03_anonymisation/12_riddle/images/day2/members/onanong/12_0404.webp,ok,5,0.5837047273826718
day2/members/onanong/14_0193.webp,riddle,outputs/03_anonymisation/12_riddle/images/day2/members/onanong/14_0193.webp,ok,5,0.6835323140870315
day2/members/onanong/14_0331.webp,riddle,outputs/03_anonymisation/12_riddle/images/day2/members/onanong/14_0331.webp,ok,3,0.350222836429603
day2/members/onanong/16_0168.webp,riddle,outputs/03_anonymisation/12_riddle/images/day2/members/onanong/16_0168.webp,copied_no_face,0,0.11674094547653434
day2/members/onanong/16_0470.webp,riddle,outputs/03_anonymisation/12_riddle/images/day2/members/onanong/16_0470.webp,copied_no_face,0,0.13670646281740628
day2/members/onanong/17_0009.webp,riddle,outputs/03_anonymisation/12_riddle/images/day2/members/onanong/17_0009.webp,ok,1,0.13670646281740628
day2/members/onanong/17_0489.webp,riddle,outputs/03_anonymisation/12_riddle/images/day2/members/onanong/17_0489.webp,copied_no_face,0,0.11674094547653434
day2/members/onanong/18_0325.webp,riddle,outputs/03_anonymisation/12_riddle/images/day2/members/onanong/18_0325.webp,ok,3,0.4101193884522189
day2/members/stevan/09_0309.webp,riddle,outputs/03_anonymisation/12_riddle/images/day2/members/stevan/09_0309.webp,copied_no_face,0,0.11674094547653434
day2/members/stevan/10_0281.webp,riddle,outputs/03_anonymisation/12_riddle/images/day2/members/stevan/10_0281.webp,ok,1,0.11674094547653434
day2/members/stevan/11_0382.webp,riddle,outputs/03_anonymisation/12_riddle/images/day2/members/stevan/11_0382.webp,ok,6,0.700445672859206
day2/members/stevan/11_0452.webp,riddle,outputs/03_anonymisation/12_riddle/images/day2/members/stevan/11_0452.webp,ok,7,0.9569452397218441
day2/members/stevan/11_0699.webp,riddle,outputs/03_anonymisation/12_riddle/images/day2/members/stevan/11_0699.webp,ok,1,0.1322899235298249
day2/members/stevan/20_0706.webp,riddle,outputs/03_anonymisation/12_riddle/images/day2/members/stevan/20_0706.webp,ok,2,0.23348189095306868
day2/members/tien/12_0007.webp,riddle,outputs/03_anonymisation/12_riddle/images/day2/members/tien/12_0007.webp,ok,1,0.1322899235298249
day2/members/tien/12_0017.webp,riddle,outputs/03_anonymisation/12_riddle/images/day2/members/tien/12_0017.webp,ok,2,0.23348189095306868
day2/members/tien/12_0597.webp,riddle,outputs/03_anonymisation/12_riddle/images/day2/members/tien/12_0597.webp,ok,2,0.23348189095306868
day2/members/tien/13_0043.webp,riddle,outputs/03_anonymisation/12_riddle/images/day2/members/tien/13_0043.webp,copied_no_face,0,0.11674094547653434
day2/members/tien/13_0604.webp,riddle,outputs/03_anonymisation/12_riddle/images/day2/members/tien/13_0604.webp,ok,5,0.5837047273826718
day2/members/tien/18_0209.webp,riddle,outputs/03_anonymisation/12_riddle/images/day2/members/tien/18_0209.webp,ok,2,0.27341292563481256
day2/members/tien/19_0311.webp,riddle,outputs/03_anonymisation/12_riddle/images/day2/members/tien/19_0311.webp,ok,2,0.27341292563481256
day2/members/tien/19_0472.webp,riddle,outputs/03_anonymisation/12_riddle/images/day2/members/tien/19_0472.webp,ok,8,0.9339275638122747
day2/members/tien/19_0512.webp,riddle,outputs/03_anonymisation/12_riddle/images/day2/members/tien/19_0512.webp,ok,8,1.0936517025392503
day2/members/tien/20_0019.webp,riddle,outputs/03_anonymisation/12_riddle/images/day2/members/tien/20_0019.webp,ok,8,0.9339275638122747
day2/members/tien/20_0651.webp,riddle,outputs/03_anonymisation/12_riddle/images/day2/members/tien/20_0651.webp,ok,3,0.39686977058947476
day2/members/werner/10_0252.webp,riddle,outputs/03_anonymisation/12_riddle/images/day2/members/werner/10_0252.webp,ok,2,0.27341292563481256
day2/members/werner/12_0480.webp,riddle,outputs/03_anonymisation/12_riddle/images/day2/members/werner/12_0480.webp,ok,2,0.23348189095306868
day2/members/werner/13_0432.webp,riddle,outputs/03_anonymisation/12_riddle/images/day2/members/werner/13_0432.webp,copied_no_face,0,0.1322899235298249
day2/members/werner/13_0648.webp,riddle,outputs/03_anonymisation/12_riddle/images/day2/members/werner/13_0648.webp,copied_no_face,0,0.1322899235298249
day2/members/werner/13_0683.webp,riddle,outputs/03_anonymisation/12_riddle/images/day2/members/werner/13_0683.webp,copied_no_face,0,0.1322899235298249
day2/members/werner/14_0229.webp,riddle,outputs/03_anonymisation/12_riddle/images/day2/members/werner/14_0229.webp,ok,1,0.13670646281740628
day2/members/werner/15_0625.webp,riddle,outputs/03_anonymisation/12_riddle/images/day2/members/werner/15_0625.webp,ok,2,0.2645798470596498
day2/members/werner/16_0476.webp,riddle,outputs/03_anonymisation/12_riddle/images/day2/members/werner/16_0476.webp,copied_no_face,0,0.1322899235298249
day2/members/werner/17_0039.webp,riddle,outputs/03_anonymisation/12_riddle/images/day2/members/werner/17_0039.webp,copied_no_face,0,0.11674094547653434
day2/members/werner/17_0115.webp,riddle,outputs/03_anonymisation/12_riddle/images/day2/members/werner/17_0115.webp,ok,1,0.13670646281740628
day2/members/werner/18_0289.webp,riddle,outputs/03_anonymisation/12_riddle/images/day2/members/werner/18_0289.webp,copied_no_face,0,0.11674094547653434
day2/members/werner/19_0608.webp,riddle,outputs/03_anonymisation/12_riddle/images/day2/members/werner/19_0608.webp,ok,1,0.11674094547653434
day2/members/werner/20_0007.webp,riddle,outputs/03_anonymisation/12_riddle/images/day2/members/werner/20_0007.webp,ok,6,0.700445672859206
day2/members/werner/20_0389.webp,riddle,outputs/03_anonymisation/12_riddle/images/day2/members/werner/20_0389.webp,copied_no_face,0,0.11674094547653434
day2/members/werner/20_0424.webp,riddle,outputs/03_anonymisation/12_riddle/images/day2/members/werner/20_0424.webp,ok,7,0.9260294647087743
day2/members/werner/20_0620.webp,riddle,outputs/03_anonymisation/12_riddle/images/day2/members/werner/20_0620.webp,copied_no_face,0,0.13670646281740628
day3/members/allie/08_0398.webp,riddle,outputs/03_anonymisation/12_riddle/images/day3/members/allie/08_0398.webp,copied_no_face,0,0.11674094547653434
day3/members/allie/10_0210.webp,riddle,outputs/03_anonymisation/12_riddle/images/day3/members/allie/10_0210.webp,copied_no_face,0,0.13670646281740628
day3/members/allie/10_0655.webp,riddle,outputs/03_anonymisation/12_riddle/images/day3/members/allie/10_0655.webp,copied_no_face,0,0.13670646281740628
day3/members/allie/12_0148.webp,riddle,outputs/03_anonymisation/12_riddle/images/day3/members/allie/12_0148.webp,ok,3,0.4101193884522189
day3/members/allie/12_0237.webp,riddle,outputs/03_anonymisation/12_riddle/images/day3/members/allie/12_0237.webp,copied_no_face,0,0.13670646281740628
day3/members/allie/12_0570.webp,riddle,outputs/03_anonymisation/12_riddle/images/day3/members/allie/12_0570.webp,copied_no_face,0,0.13670646281740628
day3/members/allie/12_0712.webp,riddle,outputs/03_anonymisation/12_riddle/images/day3/members/allie/12_0712.webp,copied_no_face,0,0.1322899235298249
day3/members/allie/13_0693.webp,riddle,outputs/03_anonymisation/12_riddle/images/day3/members/allie/13_0693.webp,copied_no_face,0,0.1322899235298249
day3/members/allie/16_0683.webp,riddle,outputs/03_anonymisation/12_riddle/images/day3/members/allie/16_0683.webp,ok,3,0.39686977058947476
day3/members/allie/17_0205.webp,riddle,outputs/03_anonymisation/12_riddle/images/day3/members/allie/17_0205.webp,ok,1,0.13670646281740628
day3/members/allie/17_0399.webp,riddle,outputs/03_anonymisation/12_riddle/images/day3/members/allie/17_0399.webp,ok,3,0.4101193884522189
day3/members/allie/18_0433.webp,riddle,outputs/03_anonymisation/12_riddle/images/day3/members/allie/18_0433.webp,ok,5,0.5837047273826718
day3/members/allie/18_0514.webp,riddle,outputs/03_anonymisation/12_riddle/images/day3/members/allie/18_0514.webp,ok,5,0.6835323140870315
day3/members/allie/18_0535.webp,riddle,outputs/03_anonymisation/12_riddle/images/day3/members/allie/18_0535.webp,ok,4,0.5291596941192996
day3/members/bjorn/10_0179.webp,riddle,outputs/03_anonymisation/12_riddle/images/day3/members/bjorn/10_0179.webp,ok,2,0.23348189095306868
day3/members/bjorn/10_0195.webp,riddle,outputs/03_anonymisation/12_riddle/images/day3/members/bjorn/10_0195.webp,ok,3,0.350222836429603
day3/members/bjorn/12_0147.webp,riddle,outputs/03_anonymisation/12_riddle/images/day3/members/bjorn/12_0147.webp,ok,4,0.46696378190613735
day3/members/bjorn/12_0222.webp,riddle,outputs/03_anonymisation/12_riddle/images/day3/members/bjorn/12_0222.webp,copied_no_face,0,0.11674094547653434
day3/members/bjorn/12_0362.webp,riddle,outputs/03_anonymisation/12_riddle/images/day3/members/bjorn/12_0362.webp,copied_no_face,0,0.11674094547653434
day3/members/bjorn/14_0678.webp,riddle,outputs/03_anonymisation/12_riddle/images/day3/members/bjorn/14_0678.webp,ok,5,0.5837047273826718
day3/members/bjorn/15_0707.webp,riddle,outputs/03_anonymisation/12_riddle/images/day3/members/bjorn/15_0707.webp,copied_no_face,0,0.11674094547653434
day3/members/bjorn/18_0483.webp,riddle,outputs/03_anonymisation/12_riddle/images/day3/members/bjorn/18_0483.webp,ok,8,1.0936517025392503
day3/members/bjorn/18_0629.webp,riddle,outputs/03_anonymisation/12_riddle/images/day3/members/bjorn/18_0629.webp,ok,5,0.6835323140870315
day3/members/bjorn/19_0152.webp,riddle,outputs/03_anonymisation/12_riddle/images/day3/members/bjorn/19_0152.webp,ok,4,0.46696378190613735
day3/members/bjorn/19_0607.webp,riddle,outputs/03_anonymisation/12_riddle/images/day3/members/bjorn/19_0607.webp,copied_no_face,0,0.11674094547653434
day3/members/bjorn/20_0140.webp,riddle,outputs/03_anonymisation/12_riddle/images/day3/members/bjorn/20_0140.webp,ok,5,0.6835323140870315
day3/members/cathal/08_0097.webp,riddle,outputs/03_anonymisation/12_riddle/images/day3/members/cathal/08_0097.webp,copied_no_face,0,0.11674094547653434
day3/members/cathal/09_0099.webp,riddle,outputs/03_anonymisation/12_riddle/images/day3/members/cathal/09_0099.webp,ok,4,0.46696378190613735
day3/members/cathal/09_0355.webp,riddle,outputs/03_anonymisation/12_riddle/images/day3/members/cathal/09_0355.webp,ok,4,0.46696378190613735
day3/members/cathal/09_0625.webp,riddle,outputs/03_anonymisation/12_riddle/images/day3/members/cathal/09_0625.webp,ok,4,0.46696378190613735
day3/members/cathal/11_0064.webp,riddle,outputs/03_anonymisation/12_riddle/images/day3/members/cathal/11_0064.webp,ok,1,0.11674094547653434
day3/members/cathal/11_0181.webp,riddle,outputs/03_anonymisation/12_riddle/images/day3/members/cathal/11_0181.webp,ok,1,0.1322899235298249
day3/members/cathal/11_0509.webp,riddle,outputs/03_anonymisation/12_riddle/images/day3/members/cathal/11_0509.webp,copied_no_face,0,0.13670646281740628
day3/members/cathal/12_0524.webp,riddle,outputs/03_anonymisation/12_riddle/images/day3/members/cathal/12_0524.webp,copied_no_face,0,0.13670646281740628
day3/members/cathal/15_0606.webp,riddle,outputs/03_anonymisation/12_riddle/images/day3/members/cathal/15_0606.webp,copied_no_face,0,0.11674094547653434
day3/members/cathal/18_0053.webp,riddle,outputs/03_anonymisation/12_riddle/images/day3/members/cathal/18_0053.webp,ok,5,0.5837047273826718
day3/members/cathal/19_0263.webp,riddle,outputs/03_anonymisation/12_riddle/images/day3/members/cathal/19_0263.webp,ok,1,0.11674094547653434
day3/members/cathal/20_0290.webp,riddle,outputs/03_anonymisation/12_riddle/images/day3/members/cathal/20_0290.webp,ok,3,0.350222836429603
day3/members/cathal/20_0443.webp,riddle,outputs/03_anonymisation/12_riddle/images/day3/members/cathal/20_0443.webp,ok,4,0.5291596941192996
day3/members/cathal/20_0569.webp,riddle,outputs/03_anonymisation/12_riddle/images/day3/members/cathal/20_0569.webp,ok,8,1.0583193882385993
day3/members/florian/10_0402.webp,riddle,outputs/03_anonymisation/12_riddle/images/day3/members/florian/10_0402.webp,copied_no_face,0,0.1322899235298249
day3/members/florian/10_0693.webp,riddle,outputs/03_anonymisation/12_riddle/images/day3/members/florian/10_0693.webp,ok,1,0.1322899235298249
day3/members/florian/11_0647.webp,riddle,outputs/03_anonymisation/12_riddle/images/day3/members/florian/11_0647.webp,copied_no_face,0,0.1322899235298249
day3/members/florian/12_0302.webp,riddle,outputs/03_anonymisation/12_riddle/images/day3/members/florian/12_0302.webp,ok,1,0.13670646281740628
day3/members/florian/14_0452.webp,riddle,outputs/03_anonymisation/12_riddle/images/day3/members/florian/14_0452.webp,ok,1,0.11674094547653434
day3/members/florian/15_0318.webp,riddle,outputs/03_anonymisation/12_riddle/images/day3/members/florian/15_0318.webp,ok,6,0.7937395411789495
day3/members/florian/17_0490.webp,riddle,outputs/03_anonymisation/12_riddle/images/day3/members/florian/17_0490.webp,ok,4,0.46696378190613735
day3/members/florian/18_0329.webp,riddle,outputs/03_anonymisation/12_riddle/images/day3/members/florian/18_0329.webp,ok,9,1.050668509288809
day3/members/florian/19_0086.webp,riddle,outputs/03_anonymisation/12_riddle/images/day3/members/florian/19_0086.webp,copied_no_face,0,0.1322899235298249
day3/members/florian/19_0198.webp,riddle,outputs/03_anonymisation/12_riddle/images/day3/members/florian/19_0198.webp,ok,1,0.13670646281740628
day3/members/florian/19_0282.webp,riddle,outputs/03_anonymisation/12_riddle/images/day3/members/florian/19_0282.webp,copied_no_face,0,0.13670646281740628
day3/members/florian/19_0349.webp,riddle,outputs/03_anonymisation/12_riddle/images/day3/members/florian/19_0349.webp,copied_no_face,0,0.13670646281740628
day3/members/florian/19_0684.webp,riddle,outputs/03_anonymisation/12_riddle/images/day3/members/florian/19_0684.webp,copied_no_face,0,0.1322899235298249
day3/members/florian/20_0281.webp,riddle,outputs/03_anonymisation/12_riddle/images/day3/members/florian/20_0281.webp,ok,5,0.5837047273826718
day3/members/florian/20_0698.webp,riddle,outputs/03_anonymisation/12_riddle/images/day3/members/florian/20_0698.webp,ok,4,0.46696378190613735
day3/members/klaus/08_0380.webp,riddle,outputs/03_anonymisation/12_riddle/images/day3/members/klaus/08_0380.webp,ok,3,0.39686977058947476
day3/members/klaus/09_0194.webp,riddle,outputs/03_anonymisation/12_riddle/images/day3/members/klaus/09_0194.webp,ok,1,0.13670646281740628
day3/members/klaus/11_0207.webp,riddle,outputs/03_anonymisation/12_riddle/images/day3/members/klaus/11_0207.webp,copied_no_face,0,0.13670646281740628
day3/members/klaus/12_0480.webp,riddle,outputs/03_anonymisation/12_riddle/images/day3/members/klaus/12_0480.webp,copied_no_face,0,0.13670646281740628
day3/members/klaus/12_0484.webp,riddle,outputs/03_anonymisation/12_riddle/images/day3/members/klaus/12_0484.webp,copied_no_face,0,0.13670646281740628
day3/members/klaus/13_0098.webp,riddle,outputs/03_anonymisation/12_riddle/images/day3/members/klaus/13_0098.webp,copied_no_face,0,0.11674094547653434
day3/members/klaus/15_0375.webp,riddle,outputs/03_anonymisation/12_riddle/images/day3/members/klaus/15_0375.webp,copied_no_face,0,0.13670646281740628
day3/members/klaus/17_0530.webp,riddle,outputs/03_anonymisation/12_riddle/images/day3/members/klaus/17_0530.webp,copied_no_face,0,0.11674094547653434
day3/members/klaus/18_0283.webp,riddle,outputs/03_anonymisation/12_riddle/images/day3/members/klaus/18_0283.webp,ok,7,0.9569452397218441
day3/members/klaus/18_0613.webp,riddle,outputs/03_anonymisation/12_riddle/images/day3/members/klaus/18_0613.webp,ok,5,0.6835323140870315
day3/members/klaus/19_0688.webp,riddle,outputs/03_anonymisation/12_riddle/images/day3/members/klaus/19_0688.webp,copied_no_face,0,0.11674094547653434
day3/members/klaus/19_0704.webp,riddle,outputs/03_anonymisation/12_riddle/images/day3/members/klaus/19_0704.webp,ok,1,0.1322899235298249
day3/members/klaus/20_0128.webp,riddle,outputs/03_anonymisation/12_riddle/images/day3/members/klaus/20_0128.webp,ok,5,0.6835323140870315
day3/members/luca/10_0668.webp,riddle,outputs/03_anonymisation/12_riddle/images/day3/members/luca/10_0668.webp,ok,4,0.46696378190613735
day3/members/luca/11_0126.webp,riddle,outputs/03_anonymisation/12_riddle/images/day3/members/luca/11_0126.webp,ok,3,0.4101193884522189
day3/members/luca/11_0192.webp,riddle,outputs/03_anonymisation/12_riddle/images/day3/members/luca/11_0192.webp,ok,4,0.46696378190613735
day3/members/luca/11_0673.webp,riddle,outputs/03_anonymisation/12_riddle/images/day3/members/luca/11_0673.webp,ok,3,0.39686977058947476
day3/members/luca/12_0481.webp,riddle,outputs/03_anonymisation/12_riddle/images/day3/members/luca/12_0481.webp,copied_no_face,0,0.11674094547653434
day3/members/luca/13_0160.webp,riddle,outputs/03_anonymisation/12_riddle/images/day3/members/luca/13_0160.webp,ok,2,0.2645798470596498
day3/members/luca/13_0698.webp,riddle,outputs/03_anonymisation/12_riddle/images/day3/members/luca/13_0698.webp,ok,1,0.13670646281740628
day3/members/luca/14_0453.webp,riddle,outputs/03_anonymisation/12_riddle/images/day3/members/luca/14_0453.webp,ok,4,0.5291596941192996
day3/members/luca/17_0412.webp,riddle,outputs/03_anonymisation/12_riddle/images/day3/members/luca/17_0412.webp,ok,4,0.5468258512696251
day3/members/luca/17_0582.webp,riddle,outputs/03_anonymisation/12_riddle/images/day3/members/luca/17_0582.webp,ok,5,0.5837047273826718
day3/members/luca/18_0517.webp,riddle,outputs/03_anonymisation/12_riddle/images/day3/members/luca/18_0517.webp,ok,5,0.6835323140870315
day3/members/luca/18_0524.webp,riddle,outputs/03_anonymisation/12_riddle/images/day3/members/luca/18_0524.webp,ok,4,0.5291596941192996
day3/members/luca/18_0573.webp,riddle,outputs/03_anonymisation/12_riddle/images/day3/members/luca/18_0573.webp,ok,4,0.5468258512696251
day3/members/luca/19_0582.webp,riddle,outputs/03_anonymisation/12_riddle/images/day3/members/luca/19_0582.webp,copied_no_face,0,0.13670646281740628
day3/members/luca/20_0192.webp,riddle,outputs/03_anonymisation/12_riddle/images/day3/members/luca/20_0192.webp,ok,4,0.46696378190613735
day3/members/onanong/10_0301.webp,riddle,outputs/03_anonymisation/12_riddle/images/day3/members/onanong/10_0301.webp,ok,2,0.2645798470596498
day3/members/onanong/11_0042.webp,riddle,outputs/03_anonymisation/12_riddle/images/day3/members/onanong/11_0042.webp,ok,2,0.27341292563481256
day3/members/onanong/11_0248.webp,riddle,outputs/03_anonymisation/12_riddle/images/day3/members/onanong/11_0248.webp,ok,2,0.2645798470596498
day3/members/onanong/11_0537.webp,riddle,outputs/03_anonymisation/12_riddle/images/day3/members/onanong/11_0537.webp,ok,2,0.23348189095306868
day3/members/onanong/11_0644.webp,riddle,outputs/03_anonymisation/12_riddle/images/day3/members/onanong/11_0644.webp,ok,2,0.23348189095306868
day3/members/onanong/12_0488.webp,riddle,outputs/03_anonymisation/12_riddle/images/day3/members/onanong/12_0488.webp,ok,1,0.13670646281740628
day3/members/onanong/12_0703.webp,riddle,outputs/03_anonymisation/12_riddle/images/day3/members/onanong/12_0703.webp,copied_no_face,0,0.1322899235298249
day3/members/onanong/14_0121.webp,riddle,outputs/03_anonymisation/12_riddle/images/day3/members/onanong/14_0121.webp,copied_no_face,0,0.11674094547653434
day3/members/onanong/15_0413.webp,riddle,outputs/03_anonymisation/12_riddle/images/day3/members/onanong/15_0413.webp,ok,2,0.27341292563481256
day3/members/onanong/15_0609.webp,riddle,outputs/03_anonymisation/12_riddle/images/day3/members/onanong/15_0609.webp,copied_no_face,0,0.11674094547653434
day3/members/onanong/16_0114.webp,riddle,outputs/03_anonymisation/12_riddle/images/day3/members/onanong/16_0114.webp,copied_no_face,0,0.11674094547653434
day3/members/onanong/16_0319.webp,riddle,outputs/03_anonymisation/12_riddle/images/day3/members/onanong/16_0319.webp,ok,1,0.11674094547653434
day3/members/onanong/16_0351.webp,riddle,outputs/03_anonymisation/12_riddle/images/day3/members/onanong/16_0351.webp,copied_no_face,0,0.11674094547653434
day3/members/stevan/08_0717.webp,riddle,outputs/03_anonymisation/12_riddle/images/day3/members/stevan/08_0717.webp,ok,3,0.4101193884522189
day3/members/stevan/09_0144.webp,riddle,outputs/03_anonymisation/12_riddle/images/day3/members/stevan/09_0144.webp,ok,3,0.350222836429603
day3/members/stevan/09_0286.webp,riddle,outputs/03_anonymisation/12_riddle/images/day3/members/stevan/09_0286.webp,ok,2,0.27341292563481256
day3/members/stevan/10_0619.webp,riddle,outputs/03_anonymisation/12_riddle/images/day3/members/stevan/10_0619.webp,copied_no_face,0,0.11674094547653434
day3/members/stevan/11_0119.webp,riddle,outputs/03_anonymisation/12_riddle/images/day3/members/stevan/11_0119.webp,ok,1,0.1322899235298249
day3/members/stevan/13_0343.webp,riddle,outputs/03_anonymisation/12_riddle/images/day3/members/stevan/13_0343.webp,ok,4,0.5291596941192996
day3/members/stevan/17_0661.webp,riddle,outputs/03_anonymisation/12_riddle/images/day3/members/stevan/17_0661.webp,ok,8,1.0936517025392503
day3/members/stevan/18_0060.webp,riddle,outputs/03_anonymisation/12_riddle/images/day3/members/stevan/18_0060.webp,ok,11,1.2841504002418778
day3/members/stevan/18_0537.webp,riddle,outputs/03_anonymisation/12_riddle/images/day3/members/stevan/18_0537.webp,ok,6,0.8202387769044378
day3/members/stevan/20_0090.webp,riddle,outputs/03_anonymisation/12_riddle/images/day3/members/stevan/20_0090.webp,copied_no_face,0,0.13670646281740628
day3/members/stevan/20_0527.webp,riddle,outputs/03_anonymisation/12_riddle/images/day3/members/stevan/20_0527.webp,ok,2,0.2645798470596498
day3/members/stevan/20_0667.webp,riddle,outputs/03_anonymisation/12_riddle/images/day3/members/stevan/20_0667.webp,ok,6,0.8202387769044378
day3/members/stevan/20_0682.webp,riddle,outputs/03_anonymisation/12_riddle/images/day3/members/stevan/20_0682.webp,ok,5,0.6835323140870315
day3/members/tien/09_0002.webp,riddle,outputs/03_anonymisation/12_riddle/images/day3/members/tien/09_0002.webp,ok,2,0.2645798470596498
day3/members/tien/09_0391.webp,riddle,outputs/03_anonymisation/12_riddle/images/day3/members/tien/09_0391.webp,copied_no_face,0,0.13670646281740628
day3/members/tien/10_0512.webp,riddle,outputs/03_anonymisation/12_riddle/images/day3/members/tien/10_0512.webp,copied_no_face,0,0.13670646281740628
day3/members/tien/10_0690.webp,riddle,outputs/03_anonymisation/12_riddle/images/day3/members/tien/10_0690.webp,ok,3,0.39686977058947476
day3/members/tien/11_0464.webp,riddle,outputs/03_anonymisation/12_riddle/images/day3/members/tien/11_0464.webp,ok,2,0.27341292563481256
day3/members/tien/11_0505.webp,riddle,outputs/03_anonymisation/12_riddle/images/day3/members/tien/11_0505.webp,ok,1,0.11674094547653434
day3/members/tien/11_0628.webp,riddle,outputs/03_anonymisation/12_riddle/images/day3/members/tien/11_0628.webp,ok,1,0.11674094547653434
day3/members/tien/12_0164.webp,riddle,outputs/03_anonymisation/12_riddle/images/day3/members/tien/12_0164.webp,ok,2,0.23348189095306868
day3/members/tien/14_0649.webp,riddle,outputs/03_anonymisation/12_riddle/images/day3/members/tien/14_0649.webp,ok,7,0.9569452397218441
day3/members/tien/17_0282.webp,riddle,outputs/03_anonymisation/12_riddle/images/day3/members/tien/17_0282.webp,copied_no_face,0,0.11674094547653434
day3/members/tien/18_0251.webp,riddle,outputs/03_anonymisation/12_riddle/images/day3/members/tien/18_0251.webp,ok,8,0.9339275638122747
day3/members/tien/18_0355.webp,riddle,outputs/03_anonymisation/12_riddle/images/day3/members/tien/18_0355.webp,ok,8,0.9339275638122747
day3/members/tien/20_0155.webp,riddle,outputs/03_anonymisation/12_riddle/images/day3/members/tien/20_0155.webp,ok,3,0.4101193884522189
day3/members/tien/20_0434.webp,riddle,outputs/03_anonymisation/12_riddle/images/day3/members/tien/20_0434.webp,ok,3,0.4101193884522189
day3/members/tien/20_0575.webp,riddle,outputs/03_anonymisation/12_riddle/images/day3/members/tien/20_0575.webp,ok,5,0.5837047273826718
day3/members/werner/08_0498.webp,riddle,outputs/03_anonymisation/12_riddle/images/day3/members/werner/08_0498.webp,ok,1,0.11674094547653434
day3/members/werner/08_0594.webp,riddle,outputs/03_anonymisation/12_riddle/images/day3/members/werner/08_0594.webp,ok,2,0.27341292563481256
day3/members/werner/08_0619.webp,riddle,outputs/03_anonymisation/12_riddle/images/day3/members/werner/08_0619.webp,ok,2,0.27341292563481256
day3/members/werner/08_0688.webp,riddle,outputs/03_anonymisation/12_riddle/images/day3/members/werner/08_0688.webp,ok,3,0.4101193884522189
day3/members/werner/10_0468.webp,riddle,outputs/03_anonymisation/12_riddle/images/day3/members/werner/10_0468.webp,ok,2,0.27341292563481256
day3/members/werner/10_0493.webp,riddle,outputs/03_anonymisation/12_riddle/images/day3/members/werner/10_0493.webp,ok,4,0.46696378190613735
day3/members/werner/12_0583.webp,riddle,outputs/03_anonymisation/12_riddle/images/day3/members/werner/12_0583.webp,copied_no_face,0,0.11674094547653434
day3/members/werner/16_0328.webp,riddle,outputs/03_anonymisation/12_riddle/images/day3/members/werner/16_0328.webp,ok,1,0.11674094547653434
day3/members/werner/17_0005.webp,riddle,outputs/03_anonymisation/12_riddle/images/day3/members/werner/17_0005.webp,ok,1,0.11674094547653434
day3/members/werner/17_0301.webp,riddle,outputs/03_anonymisation/12_riddle/images/day3/members/werner/17_0301.webp,ok,1,0.1322899235298249
day3/members/werner/19_0360.webp,riddle,outputs/03_anonymisation/12_riddle/images/day3/members/werner/19_0360.webp,copied_no_face,0,0.11674094547653434
day3/members/werner/20_0141.webp,riddle,outputs/03_anonymisation/12_riddle/images/day3/members/werner/20_0141.webp,ok,1,0.11674094547653434
day4/members/allie/08_0040.webp,riddle,outputs/03_anonymisation/12_riddle/images/day4/members/allie/08_0040.webp,ok,1,0.13670646281740628
day4/members/allie/09_0293.webp,riddle,outputs/03_anonymisation/12_riddle/images/day4/members/allie/09_0293.webp,ok,1,0.1322899235298249
day4/members/allie/09_0451.webp,riddle,outputs/03_anonymisation/12_riddle/images/day4/members/allie/09_0451.webp,ok,2,0.27341292563481256
day4/members/allie/09_0480.webp,riddle,outputs/03_anonymisation/12_riddle/images/day4/members/allie/09_0480.webp,ok,1,0.13670646281740628
day4/members/allie/09_0677.webp,riddle,outputs/03_anonymisation/12_riddle/images/day4/members/allie/09_0677.webp,ok,2,0.23348189095306868
day4/members/allie/10_0446.webp,riddle,outputs/03_anonymisation/12_riddle/images/day4/members/allie/10_0446.webp,ok,3,0.350222836429603
day4/members/allie/11_0161.webp,riddle,outputs/03_anonymisation/12_riddle/images/day4/members/allie/11_0161.webp,ok,5,0.5837047273826718
day4/members/allie/11_0376.webp,riddle,outputs/03_anonymisation/12_riddle/images/day4/members/allie/11_0376.webp,ok,5,0.6835323140870315
day4/members/allie/12_0604.webp,riddle,outputs/03_anonymisation/12_riddle/images/day4/members/allie/12_0604.webp,ok,3,0.4101193884522189
day4/members/allie/13_0245.webp,riddle,outputs/03_anonymisation/12_riddle/images/day4/members/allie/13_0245.webp,ok,4,0.46696378190613735
day4/members/allie/18_0334.webp,riddle,outputs/03_anonymisation/12_riddle/images/day4/members/allie/18_0334.webp,ok,1,0.13670646281740628
day4/members/bao/08_0028.webp,riddle,outputs/03_anonymisation/12_riddle/images/day4/members/bao/08_0028.webp,copied_no_face,0,0.13670646281740628
day4/members/bao/08_0595.webp,riddle,outputs/03_anonymisation/12_riddle/images/day4/members/bao/08_0595.webp,copied_no_face,0,0.11674094547653434
day4/members/bao/09_0694.webp,riddle,outputs/03_anonymisation/12_riddle/images/day4/members/bao/09_0694.webp,ok,2,0.23348189095306868
day4/members/bao/10_0060.webp,riddle,outputs/03_anonymisation/12_riddle/images/day4/members/bao/10_0060.webp,ok,2,0.23348189095306868
day4/members/bao/11_0055.webp,riddle,outputs/03_anonymisation/12_riddle/images/day4/members/bao/11_0055.webp,ok,8,1.0583193882385993
day4/members/bao/11_0220.webp,riddle,outputs/03_anonymisation/12_riddle/images/day4/members/bao/11_0220.webp,ok,7,0.9569452397218441
day4/members/bao/11_0549.webp,riddle,outputs/03_anonymisation/12_riddle/images/day4/members/bao/11_0549.webp,ok,9,1.2303581653566567
day4/members/bao/12_0423.webp,riddle,outputs/03_anonymisation/12_riddle/images/day4/members/bao/12_0423.webp,copied_no_face,0,0.11674094547653434
day4/members/bao/12_0438.webp,riddle,outputs/03_anonymisation/12_riddle/images/day4/members/bao/12_0438.webp,ok,5,0.6614496176491246
day4/members/bao/13_0504.webp,riddle,outputs/03_anonymisation/12_riddle/images/day4/members/bao/13_0504.webp,ok,7,0.8171866183357404
day4/members/bao/13_0536.webp,riddle,outputs/03_anonymisation/12_riddle/images/day4/members/bao/13_0536.webp,ok,7,0.8171866183357404
day4/members/bjorn/08_0088.webp,riddle,outputs/03_anonymisation/12_riddle/images/day4/members/bjorn/08_0088.webp,copied_no_face,0,0.11674094547653434
day4/members/bjorn/08_0126.webp,riddle,outputs/03_anonymisation/12_riddle/images/day4/members/bjorn/08_0126.webp,copied_no_face,0,0.13670646281740628
day4/members/bjorn/08_0670.webp,riddle,outputs/03_anonymisation/12_riddle/images/day4/members/bjorn/08_0670.webp,ok,1,0.13670646281740628
day4/members/bjorn/10_0048.webp,riddle,outputs/03_anonymisation/12_riddle/images/day4/members/bjorn/10_0048.webp,ok,2,0.23348189095306868
day4/members/bjorn/10_0076.webp,riddle,outputs/03_anonymisation/12_riddle/images/day4/members/bjorn/10_0076.webp,copied_no_face,0,0.13670646281740628
day4/members/bjorn/10_0670.webp,riddle,outputs/03_anonymisation/12_riddle/images/day4/members/bjorn/10_0670.webp,ok,5,0.5837047273826718
day4/members/bjorn/12_0570.webp,riddle,outputs/03_anonymisation/12_riddle/images/day4/members/bjorn/12_0570.webp,ok,1,0.13670646281740628
day4/members/bjorn/13_0126.webp,riddle,outputs/03_anonymisation/12_riddle/images/day4/members/bjorn/13_0126.webp,ok,6,0.8202387769044378
day4/members/bjorn/14_0135.webp,riddle,outputs/03_anonymisation/12_riddle/images/day4/members/bjorn/14_0135.webp,ok,7,0.8171866183357404
day4/members/bjorn/14_0715.webp,riddle,outputs/03_anonymisation/12_riddle/images/day4/members/bjorn/14_0715.webp,ok,1,0.1322899235298249
day4/members/bjorn/15_0170.webp,riddle,outputs/03_anonymisation/12_riddle/images/day4/members/bjorn/15_0170.webp,ok,1,0.11674094547653434
day4/members/cathal/09_0257.webp,riddle,outputs/03_anonymisation/12_riddle/images/day4/members/cathal/09_0257.webp,ok,2,0.2645798470596498
day4/members/cathal/09_0426.webp,riddle,outputs/03_anonymisation/12_riddle/images/day4/members/cathal/09_0426.webp,copied_no_face,0,0.11674094547653434
day4/members/cathal/12_0648.webp,riddle,outputs/03_anonymisation/12_riddle/images/day4/members/cathal/12_0648.webp,ok,7,0.8171866183357404
day4/members/cathal/13_0074.webp,riddle,outputs/03_anonymisation/12_riddle/images/day4/members/cathal/13_0074.webp,ok,7,0.9569452397218441
day4/members/cathal/13_0210.webp,riddle,outputs/03_anonymisation/12_riddle/images/day4/members/cathal/13_0210.webp,ok,8,1.0583193882385993
day4/members/cathal/13_0418.webp,riddle,outputs/03_anonymisation/12_riddle/images/day4/members/cathal/13_0418.webp,ok,5,0.6835323140870315
day4/members/cathal/13_0470.webp,riddle,outputs/03_anonymisation/12_riddle/images/day4/members/cathal/13_0470.webp,ok,4,0.46696378190613735
day4/members/cathal/15_0410.webp,riddle,outputs/03_anonymisation/12_riddle/images/day4/members/cathal/15_0410.webp,copied_no_face,0,0.1322899235298249
day4/members/cathal/17_0524.webp,riddle,outputs/03_anonymisation/12_riddle/images/day4/members/cathal/17_0524.webp,copied_no_face,0,0.13670646281740628
day4/members/cathal/18_0466.webp,riddle,outputs/03_anonymisation/12_riddle/images/day4/members/cathal/18_0466.webp,ok,1,0.11674094547653434
day4/members/florian/10_0112.webp,riddle,outputs/03_anonymisation/12_riddle/images/day4/members/florian/10_0112.webp,ok,2,0.27341292563481256
day4/members/florian/10_0427.webp,riddle,outputs/03_anonymisation/12_riddle/images/day4/members/florian/10_0427.webp,ok,2,0.23348189095306868
day4/members/florian/11_0305.webp,riddle,outputs/03_anonymisation/12_riddle/images/day4/members/florian/11_0305.webp,ok,5,0.5837047273826718
day4/members/florian/11_0372.webp,riddle,outputs/03_anonymisation/12_riddle/images/day4/members/florian/11_0372.webp,ok,4,0.46696378190613735
day4/members/florian/11_0412.webp,riddle,outputs/03_anonymisation/12_riddle/images/day4/members/florian/11_0412.webp,ok,3,0.4101193884522189
day4/members/florian/13_0005.webp,riddle,outputs/03_anonymisation/12_riddle/images/day4/members/florian/13_0005.webp,ok,6,0.700445672859206
day4/members/florian/15_0498.webp,riddle,outputs/03_anonymisation/12_riddle/images/day4/members/florian/15_0498.webp,copied_no_face,0,0.11674094547653434
day4/members/florian/18_0559.webp,riddle,outputs/03_anonymisation/12_riddle/images/day4/members/florian/18_0559.webp,copied_no_face,0,0.1322899235298249
day4/members/klaus/08_0554.webp,riddle,outputs/03_anonymisation/12_riddle/images/day4/members/klaus/08_0554.webp,copied_no_face,0,0.1322899235298249
day4/members/klaus/09_0320.webp,riddle,outputs/03_anonymisation/12_riddle/images/day4/members/klaus/09_0320.webp,ok,1,0.1322899235298249
day4/members/klaus/11_0401.webp,riddle,outputs/03_anonymisation/12_riddle/images/day4/members/klaus/11_0401.webp,ok,6,0.8202387769044378
day4/members/klaus/12_0118.webp,riddle,outputs/03_anonymisation/12_riddle/images/day4/members/klaus/12_0118.webp,ok,7,0.9260294647087743
day4/members/klaus/12_0644.webp,riddle,outputs/03_anonymisation/12_riddle/images/day4/members/klaus/12_0644.webp,ok,8,1.0936517025392503
day4/members/klaus/13_0393.webp,riddle,outputs/03_anonymisation/12_riddle/images/day4/members/klaus/13_0393.webp,ok,8,0.9339275638122747
day4/members/klaus/13_0503.webp,riddle,outputs/03_anonymisation/12_riddle/images/day4/members/klaus/13_0503.webp,ok,6,0.7937395411789495
day4/members/klaus/14_0224.webp,riddle,outputs/03_anonymisation/12_riddle/images/day4/members/klaus/14_0224.webp,ok,9,1.2303581653566567
day4/members/klaus/14_0702.webp,riddle,outputs/03_anonymisation/12_riddle/images/day4/members/klaus/14_0702.webp,copied_no_face,0,0.11674094547653434
day4/members/luca/08_0034.webp,riddle,outputs/03_anonymisation/12_riddle/images/day4/members/luca/08_0034.webp,copied_no_face,0,0.1322899235298249
day4/members/luca/08_0054.webp,riddle,outputs/03_anonymisation/12_riddle/images/day4/members/luca/08_0054.webp,ok,2,0.23348189095306868
day4/members/luca/10_0077.webp,riddle,outputs/03_anonymisation/12_riddle/images/day4/members/luca/10_0077.webp,ok,1,0.13670646281740628
day4/members/luca/10_0115.webp,riddle,outputs/03_anonymisation/12_riddle/images/day4/members/luca/10_0115.webp,ok,1,0.13670646281740628
day4/members/luca/11_0464.webp,riddle,outputs/03_anonymisation/12_riddle/images/day4/members/luca/11_0464.webp,ok,6,0.8202387769044378
day4/members/luca/11_0578.webp,riddle,outputs/03_anonymisation/12_riddle/images/day4/members/luca/11_0578.webp,ok,6,0.8202387769044378
day4/members/luca/14_0018.webp,riddle,outputs/03_anonymisation/12_riddle/images/day4/members/luca/14_0018.webp,ok,6,0.8202387769044378
day4/members/luca/14_0559.webp,riddle,outputs/03_anonymisation/12_riddle/images/day4/members/luca/14_0559.webp,ok,1,0.13670646281740628
day4/members/luca/17_0685.webp,riddle,outputs/03_anonymisation/12_riddle/images/day4/members/luca/17_0685.webp,copied_no_face,0,0.11674094547653434
day4/members/luca/18_0257.webp,riddle,outputs/03_anonymisation/12_riddle/images/day4/members/luca/18_0257.webp,ok,1,0.11674094547653434
day4/members/luca/18_0521.webp,riddle,outputs/03_anonymisation/12_riddle/images/day4/members/luca/18_0521.webp,copied_no_face,0,0.13670646281740628
day4/members/luca/18_0590.webp,riddle,outputs/03_anonymisation/12_riddle/images/day4/members/luca/18_0590.webp,ok,5,0.5837047273826718
day4/members/onanong/10_0182.webp,riddle,outputs/03_anonymisation/12_riddle/images/day4/members/onanong/10_0182.webp,ok,3,0.350222836429603
day4/members/onanong/11_0635.webp,riddle,outputs/03_anonymisation/12_riddle/images/day4/members/onanong/11_0635.webp,ok,5,0.5837047273826718
day4/members/onanong/11_0656.webp,riddle,outputs/03_anonymisation/12_riddle/images/day4/members/onanong/11_0656.webp,ok,7,0.9569452397218441
day4/members/onanong/12_0450.webp,riddle,outputs/03_anonymisation/12_riddle/images/day4/members/onanong/12_0450.webp,copied_no_face,0,0.13670646281740628
day4/members/onanong/13_0378.webp,riddle,outputs/03_anonymisation/12_riddle/images/day4/members/onanong/13_0378.webp,ok,6,0.8202387769044378
day4/members/onanong/14_0177.webp,riddle,outputs/03_anonymisation/12_riddle/images/day4/members/onanong/14_0177.webp,ok,6,0.7937395411789495
day4/members/onanong/15_0191.webp,riddle,outputs/03_anonymisation/12_riddle/images/day4/members/onanong/15_0191.webp,ok,1,0.1322899235298249
day4/members/onanong/15_0400.webp,riddle,outputs/03_anonymisation/12_riddle/images/day4/members/onanong/15_0400.webp,ok,2,0.23348189095306868
day4/members/stevan/10_0044.webp,riddle,outputs/03_anonymisation/12_riddle/images/day4/members/stevan/10_0044.webp,ok,4,0.5468258512696251
day4/members/stevan/10_0227.webp,riddle,outputs/03_anonymisation/12_riddle/images/day4/members/stevan/10_0227.webp,ok,4,0.5291596941192996
day4/members/stevan/10_0629.webp,riddle,outputs/03_anonymisation/12_riddle/images/day4/members/stevan/10_0629.webp,ok,4,0.46696378190613735
day4/members/stevan/10_0720.webp,riddle,outputs/03_anonymisation/12_riddle/images/day4/members/stevan/10_0720.webp,ok,7,0.8171866183357404
day4/members/stevan/11_0074.webp,riddle,outputs/03_anonymisation/12_riddle/images/day4/members/stevan/11_0074.webp,ok,7,0.9260294647087743
day4/members/stevan/11_0365.webp,riddle,outputs/03_anonymisation/12_riddle/images/day4/members/stevan/11_0365.webp,ok,5,0.5837047273826718
day4/members/stevan/13_0149.webp,riddle,outputs/03_anonymisation/12_riddle/images/day4/members/stevan/13_0149.webp,ok,4,0.5468258512696251
day4/members/stevan/13_0462.webp,riddle,outputs/03_anonymisation/12_riddle/images/day4/members/stevan/13_0462.webp,ok,5,0.6614496176491246
day4/members/stevan/13_0714.webp,riddle,outputs/03_anonymisation/12_riddle/images/day4/members/stevan/13_0714.webp,ok,4,0.5468258512696251
day4/members/werner/08_0208.webp,riddle,outputs/03_anonymisation/12_riddle/images/day4/members/werner/08_0208.webp,ok,1,0.1322899235298249
day4/members/werner/08_0337.webp,riddle,outputs/03_anonymisation/12_riddle/images/day4/members/werner/08_0337.webp,ok,2,0.27341292563481256
day4/members/werner/09_0017.webp,riddle,outputs/03_anonymisation/12_riddle/images/day4/members/werner/09_0017.webp,copied_no_face,0,0.13670646281740628
day4/members/werner/10_0441.webp,riddle,outputs/03_anonymisation/12_riddle/images/day4/members/werner/10_0441.webp,copied_no_face,0,0.11674094547653434
day4/members/werner/11_0358.webp,riddle,outputs/03_anonymisation/12_riddle/images/day4/members/werner/11_0358.webp,ok,6,0.7937395411789495
day4/members/werner/12_0528.webp,riddle,outputs/03_anonymisation/12_riddle/images/day4/members/werner/12_0528.webp,ok,3,0.4101193884522189
day4/members/werner/13_0537.webp,riddle,outputs/03_anonymisation/12_riddle/images/day4/members/werner/13_0537.webp,ok,5,0.6614496176491246
day4/members/werner/14_0045.webp,riddle,outputs/03_anonymisation/12_riddle/images/day4/members/werner/14_0045.webp,ok,5,0.6835323140870315
day4/members/werner/18_0362.webp,riddle,outputs/03_anonymisation/12_riddle/images/day4/members/werner/18_0362.webp,copied_no_face,0,0.13670646281740628
day4/members/werner/18_0672.webp,riddle,outputs/03_anonymisation/12_riddle/images/day4/members/werner/18_0672.webp,ok,3,0.4101193884522189
